,Oligodendrocyte,Glut Otp/Nrn1,Astrocyte,VLMC / fibroblast,Endothelial,Mural (pericyte/SMC),GABA Cacna2d2,ME / meningeal fibroblast,OPC,Microglia,GABA Igf1/Chodl,GABA Gal/Galr1,GABA Cartpt/Glp1r,GABA Nts/Gal,LHA Hcrt (orexin),GABA Nell1/Pcsk5,VMH-like Glut Calb1,GABA Otp/Wfs1,Glut Bcl11b/Prdm12,DMH Grp/Ppp1r17,Glut Prdm8/Cbln1,Glut Synpr/Syt6,VMH-like Glut Tac1,VMH-like Glut Rasgrf2,ARC Pomc,ARC Tac2/Esr1 (KNDy-like),ARC Th/Slc6a3 (TIDA),ARC Agrp/Npy,Oxt/Avp magnocellular,Ependymal,Tanycyte
C185-100: Dlx1.Lhx6.GABA-1,0.5970472746328234,0.7055829756344336,0.5965774674394434,0.03485301641219888,0.34846358309758146,0.28991899873631816,0.7739567588800571,0.07204861695487287,0.6418422075808574,0.5172539306476591,0.6982549899690947,0.7763520407731508,0.7441671469042944,0.7855262902763369,0.6751198459417054,0.7545526883182317,0.7219618008566165,0.7827935246876147,0.6917349141941269,0.7375742935169799,0.6841473615722101,0.7594801192869707,0.7042668016141337,0.6643037443601583,0.7138890657780642,0.7056088354071295,0.7251228686513879,0.6778632598964596,0.4109999141178494,0.3499885855366269,0.41847838416946903
C185-101: Igfbp4.Lhx6.GABA-1,0.49299245534441566,0.6466853594647154,0.49186453844067524,0.028800372057642878,0.2550778042798366,0.20947988820688282,0.7199755344366857,0.10240029240788061,0.5494223485075123,0.39946945361835995,0.6113550809056402,0.6375901475847453,0.6041861486090554,0.6677459204582695,0.5530884768886812,0.629597767435612,0.5904221708215038,0.6795931640006722,0.5702051454403064,0.5912932912401465,0.5667989410418504,0.6303065511737813,0.5763029823767939,0.5339014689760575,0.5695045884673046,0.5525045458448465,0.6009522883925444,0.563108183205074,0.32383620046706324,0.28459303257908375,0.3584741622506782
C185-102: Hdc.GABA-1,0.5682133557341668,0.6680294745517837,0.5612676424965913,0.06627199467889207,0.36716068549989284,0.2995661354622477,0.6948622527923077,0.1627851511671957,0.6201954290450268,0.44807849981111053,0.6401861276513857,0.6849132066670593,0.6423690086161135,0.693078604729647,0.6383633808352571,0.737096179134875,0.6367525521278007,0.6637548935164779,0.6267719691299598,0.6427566670998421,0.6347937778843744,0.6930425935762136,0.6004937930460742,0.6096674325597905,0.6313884860950987,0.603027987703621,0.593662747547271,0.6291245661883564,0.43700892438964717,0.40551529213727466,0.45278482742490855
C185-103: Vgll3.Tbx3.GABA-1,0.6011816730788019,0.719163671815222,0.6159719701161874,0.06621604701635221,0.3987179226968171,0.3310183866466096,0.7435122524207886,0.13651583677426515,0.6584616698447693,0.5083197744995961,0.7275278952752813,0.7731024100899597,0.7344606736939203,0.7641357112236321,0.7264705643622785,0.7489036339994998,0.7419518637144894,0.7784783857908699,0.6955698550921497,0.7285112428013781,0.7016904852866066,0.7822823926081498,0.7071694874033558,0.707188159162837,0.7873315186055717,0.705081972572486,0.7213401346104718,0.7326202382178814,0.45952504814572487,0.4154169937729615,0.4830176115812111
C185-104: Sytl4.Tbx3.GABA-1,0.5815918383316354,0.7155016265300286,0.6183208566360795,0.02225391426075894,0.35825123535065284,0.2943662021811383,0.7534960975387471,0.084180430606068,0.656115787644673,0.5132768803703395,0.6917234305975042,0.7561021289854337,0.7550781052013954,0.788236707064552,0.6955896097193398,0.7480504230025092,0.7584537291914529,0.7806829991548397,0.6837886456742789,0.7181260346415193,0.7090573350533297,0.7716139227893415,0.7377828780862955,0.6965360961563307,0.7996060658387132,0.7185284178675266,0.7249010019980578,0.7624459712171979,0.4415807339639721,0.38738359864724525,0.48553389252152546
C185-105: Lhx6.Lhx8.GABA-1,0.6084770346535825,0.7330193120663524,0.5987112993556355,0.018729236978651056,0.3588072643482345,0.28686868261828086,0.8261942223681703,0.0997737292159124,0.6350958411916584,0.4902936902101497,0.698604074099379,0.7662294824242792,0.7186784618792865,0.782302241128596,0.6760867560491098,0.7560120062717018,0.6717094212761935,0.768436277051489,0.659587615847573,0.679075530136045,0.670874015989865,0.7450717704856612,0.6716023853679661,0.6060138795497176,0.6839114006237752,0.6637113389703458,0.6757910381232511,0.6620625209444703,0.4129354387538652,0.33703762263314363,0.44110292502424814
C185-106: Sox6.Lhx8.GABA-1,0.6050169652066179,0.7659879321633678,0.5971611192336884,0.017746732586674422,0.34288481874206156,0.2755987972911984,0.8464151011602107,0.10452783607790633,0.659849491634144,0.4963480151470152,0.6915704296085745,0.7696373210789953,0.708654811057066,0.787800761434935,0.6763823874920288,0.7631826517156305,0.6816395982155603,0.7896384308216109,0.6764166820842022,0.687142381232757,0.6840326742307252,0.7359085422951129,0.667803491237986,0.614041424842728,0.6647495239578944,0.652070602537608,0.664907030395552,0.6570278614526104,0.43228631119372907,0.34644893984076713,0.4314047679805986
C185-107: Zeb2.Lhx8.GABA-1,0.5956028415355219,0.7477880563121208,0.5991714219448033,0.0075266818832319775,0.35093025261296434,0.28059741684056555,0.8114906519528909,0.08268750128853565,0.6395460574564862,0.5103759998492127,0.7064521190650862,0.7898456852378695,0.7386531905604312,0.8001799549692566,0.6998706916975014,0.7535708639909151,0.7107046920903908,0.7850544697946237,0.672742353625522,0.7194276725833768,0.7011186512115106,0.7649968959478632,0.7012077846229998,0.6381693668464614,0.7110169599446257,0.700680634172125,0.6930927600450426,0.6834134597027398,0.41175457477317096,0.335053923481219,0.43571943387831275
C185-108: Gal.Nts.GABA-1,0.5973827988097189,0.734958094836978,0.6132516569026004,0.01634011410135354,0.3537834231208741,0.28638332803421473,0.7795793582285511,0.0677964681002234,0.6443537024385876,0.5152792313767048,0.706327351961658,0.8057592871048098,0.7828024862938873,0.8209917111622941,0.701077439826605,0.7861994583267666,0.7543830766780225,0.7880913841439158,0.685674466769118,0.7378404010778741,0.7154982279955189,0.7938425958991089,0.7479478873348399,0.6745635186801925,0.7654111419058063,0.7591538999375314,0.7245641913638009,0.7124879965704868,0.4036511076638977,0.34939374645053634,0.4433343462012599
C185-109: Ecel1.Nts.GABA-1,0.6101780549761389,0.7144367142228144,0.6328204600411064,0.05140718915564184,0.37285888603732226,0.30571712303385395,0.7778453345848189,0.11689236378380245,0.6533823516279369,0.5375049534158787,0.7077810374773627,0.7984100847270365,0.7671590279854967,0.8440155018794595,0.7015125878814901,0.7916252457004024,0.7370957692625654,0.7790401296816181,0.6725352227301404,0.7385965450374198,0.7199993040643368,0.7961871747531233,0.7203708584955284,0.6639197524073738,0.7627463284222127,0.7557473761111151,0.7134764546534511,0.730624994784395,0.42752885585681616,0.3886591663808526,0.45603961701480195
C185-10: Adgrf5.Nxph4.GLU-2,0.5599978522982546,0.7585746638371397,0.579856743567076,0.06563879179827957,0.3518264448980285,0.28834532521841966,0.6911782215058208,0.16903278953411727,0.6094408000819899,0.47824503980218414,0.643616581236078,0.6639214606840653,0.606377627719192,0.6733024407999233,0.6108649769791311,0.6605116296558248,0.6895115555787477,0.7052927817756593,0.656836653906322,0.6526481114455793,0.6845637342760229,0.7025772724469704,0.6659802633292937,0.6295045498923976,0.59379263114678,0.6090659067102984,0.5746142025222604,0.5712692315640471,0.4735730857133423,0.3483588755842444,0.397813447540752
C185-110: Gpr50.Nts.GABA-1,0.6194299712799721,0.7027708396201148,0.6634584338428738,0.09306275874388743,0.4047214609095812,0.33983447444492176,0.7285369894889334,0.15476072675793412,0.6792125159727642,0.5579880159616087,0.6803567266385445,0.7928528209647213,0.7243792262519785,0.7731251235040808,0.7110567507319943,0.7714515425090002,0.7432543580708565,0.7673999681094089,0.6973225227117075,0.742773213938542,0.7290593821902001,0.7660726477698455,0.7035500527518568,0.6834118293947825,0.7540040625358551,0.8333355837925042,0.7225258413826089,0.7322923610236878,0.4368881052028809,0.4327528778393914,0.5112859585108834
C185-111: Tac2.Nts.GABA-1,0.6253062946401474,0.7920623996302506,0.6420025929885141,0.02813987290286732,0.37753040684526057,0.30767472207784635,0.8656221522382891,0.0931494807588788,0.6749606137643062,0.5257931372543102,0.7286561426940148,0.7982312505581256,0.7569795197011905,0.8270444086172161,0.7000064041372841,0.8026948657720484,0.7481920948550429,0.799922106166296,0.7174463104466623,0.7155916484098124,0.7347624843921126,0.7957446900390702,0.7400583931742304,0.6718679366499101,0.7169017776690434,0.7054097634346852,0.68574135567013,0.6796440511653017,0.4265457745457979,0.3502354489538727,0.43215035863378204
C185-112: Meis2.Nts.GABA-1,0.545327317846114,0.661647635253594,0.5542642584759745,0.08374121550072874,0.35525042805503193,0.3165270306071138,0.705236048376321,0.11711314642885001,0.5707102386638361,0.4945508695714691,0.6538247396069168,0.7035870555672983,0.6699466712306827,0.6907192613561475,0.6406297909876414,0.6875531661143357,0.6564963015250873,0.669643176598971,0.6345343022825483,0.6368573041171868,0.6175061362315956,0.7177101467502023,0.6740792025729762,0.5908475301748165,0.6359729537186849,0.664605709721458,0.5985314436587076,0.5967300414546531,0.37696920177446275,0.331493819454122,0.3848295292652374
C185-113: Nkx2-4.GABA-3,0.5564763915965032,0.6839089988967322,0.5763723175365995,0.025557016601863745,0.3363837617313491,0.2680133293116541,0.720284760337392,0.11081861097203241,0.6240137613070491,0.4787506029623313,0.6526783257461494,0.7420592719120803,0.8449489889981698,0.7626700516343232,0.6629385113045807,0.6957371570071126,0.6810432498492358,0.7746063070765004,0.6609941313405044,0.728709561021479,0.6749988867790919,0.7374983678062776,0.6481151629699787,0.6683120460832817,0.7317082977551074,0.6563433655044931,0.7059291403522505,0.7216654818245732,0.48200653495219226,0.37569555645085234,0.445768840900978
C185-114: Ghrh.GABA-3,0.4941385652910922,0.6138154234470049,0.5320075145391523,-0.016101093339944056,0.28887809693992783,0.20993983018804538,0.665585901754526,0.054391143060949096,0.555441669651825,0.4515912212534152,0.6045495723787624,0.719331737244184,0.8476472411850952,0.7209770163121638,0.6220164650568015,0.6618181651682445,0.6449790729495435,0.7498452260543033,0.6188870359633634,0.6839200375145965,0.6455260201037276,0.688707121189367,0.612017966028317,0.6124534908239733,0.7297699376077865,0.6743270656384651,0.7110855921906564,0.7196600638431743,0.4116711231921313,0.30326181684854586,0.41939161209534337
C185-115: Npy.Agrp.GABA-4,0.523300817397444,0.6445596310942634,0.569006224090269,0.05524561442816957,0.3443849519388058,0.2717592232744244,0.6818842502504289,0.12648420335766503,0.5861051326854269,0.47529998821916625,0.6209396551223942,0.7158114243025175,0.7398176420816158,0.7172437494187459,0.6402898737895066,0.6841191568661257,0.6623511165328932,0.7620535065288586,0.628871277662976,0.6874339247421886,0.6752754097438165,0.7120903743825158,0.6468578915673667,0.626679791633319,0.7511657990564847,0.6706473565813987,0.703021627222423,0.8561559395673629,0.4147623798287141,0.394669202297334,0.5223614490995772
C185-116: Lepr.Agrp.GABA-4,0.5247124333400845,0.6563281468471651,0.5640392849689031,0.05392322795761185,0.3471618809466688,0.283289398154269,0.6810851624887996,0.1451366896667978,0.5967404339130813,0.4455041472189263,0.6147170341822011,0.6886901140289751,0.7049152048888208,0.7067809012739132,0.6501503703104453,0.6695047958338043,0.6558945169209494,0.7237860230289705,0.6326881327070959,0.6609823085494287,0.650232157225987,0.7043688099785987,0.6338387688856325,0.6263895586293756,0.7020617938576328,0.6387214522337061,0.6509085581636852,0.7783568905505622,0.43542089472417383,0.36649173728098977,0.47454338409663255
C185-117: Npy.Sst.GABA-4,0.6030680138523685,0.7300088457599911,0.6195236911554476,0.05085912957299211,0.4107287650101133,0.319430421303906,0.7555662194815962,0.10570718335554627,0.6490121918143454,0.5484075536344708,0.6890617066024206,0.7692403401801708,0.7203618885444555,0.7654670534008086,0.6874673227800426,0.7454357069867975,0.7256552755877621,0.8234660219459369,0.6975760405614181,0.7079681983385325,0.7260484496584709,0.7703772866648536,0.6944673061901929,0.6731141868030289,0.7482781915454829,0.6869016615083872,0.6964999859219192,0.7780336076660085,0.4329444609361269,0.3925377395889396,0.4916149174971805
C185-118: Otp.Sst.GABA-4,0.5535489040485781,0.7006080808787314,0.574849623375802,0.017969391447698213,0.3457074086507513,0.27582368967523146,0.7284746042410991,0.08594844931872295,0.6229261671983704,0.48463923337630005,0.6620958840199994,0.7550059807616535,0.7615190476908124,0.7493915452194118,0.6516689086608185,0.7030102509888329,0.7253389178987929,0.8433544291366195,0.6947739607497877,0.7126867333993573,0.7120168974354467,0.741123943421913,0.6969573817671977,0.6711683783188356,0.7604071972402986,0.6843762865787462,0.7275709122226486,0.7874613653714806,0.4450001696227941,0.3617099163020848,0.47222876717495543
C185-119: Nts.Sst.GABA-4,0.6061449587417399,0.760687358404276,0.6236946954933285,0.037186762053897475,0.3938298282504792,0.3062128852081132,0.7815117474586681,0.10368041163271949,0.6516772442660075,0.5235613964073252,0.6804278820799782,0.7514869426530366,0.7086960984368146,0.7824874270637214,0.6572551195623326,0.7688553689723239,0.7423473352449461,0.8010850722080958,0.6911024853710891,0.6956914681748253,0.7514876080166417,0.7629575534525977,0.7110912930010819,0.6756886979604498,0.7182250911308207,0.6921213946398136,0.6744112552595153,0.7277919260141759,0.43835739918202027,0.3601105428464785,0.4516430996427731
C185-11: Cbln2.Trh.GLU-2,0.5828583807129499,0.7705087156060864,0.6154106381616551,0.02972714536449893,0.36976629114848863,0.29837364047362486,0.7283929273991206,0.09407915717952095,0.6290606554049608,0.4965030797820727,0.6876301683960359,0.7430856451039051,0.6923867078523144,0.7293906122324485,0.6911514956888104,0.7113082168415292,0.7201157409955039,0.7456331889167709,0.6667795202988753,0.6931697003528695,0.8690693993257007,0.761648793899622,0.7042574528618116,0.6630635395125672,0.6940492666249851,0.6649164853124278,0.6456241290519334,0.6597700655660999,0.5066943994080891,0.35723856931003406,0.40109211866447503
C185-120: Pou3f1.Sst.GABA-4,0.6195467414809609,0.7270868616215364,0.6246769783921381,0.0553025416380673,0.3894212922711003,0.3313117368639844,0.7651802128604803,0.1021592846844036,0.6680742742191758,0.5339268523239007,0.6759363884319164,0.7477182655664686,0.690766994206531,0.7381190538837538,0.667700920175479,0.7266986568614292,0.6950155700677848,0.8228820416870721,0.7020683876482282,0.6950766923247549,0.7059347517716449,0.7254657988275732,0.6442989836738008,0.6578099416903384,0.6876936917134354,0.6646163630399892,0.6744495001056606,0.707345935588951,0.43990476006048185,0.38401109317473736,0.470459400949928
C185-121: Abi3bp.Meis2.GABA-5,0.5956248347319885,0.6965038956422214,0.6101829614805241,0.08197177560945912,0.36678042757146495,0.32834058834919005,0.6987360326818787,0.15959799955866408,0.6463769068801859,0.49295848619097016,0.6113762101371985,0.675451726852198,0.6617609462584717,0.6997187674804478,0.6134166340007237,0.6729783396169975,0.7041360654768204,0.8331487088949774,0.7229203720856168,0.664135805556815,0.6517540811956545,0.6820849706106135,0.651048230897109,0.6682683039020277,0.6370074513013785,0.6234679801290921,0.6516956811103565,0.6398529882304773,0.42034740651231456,0.37561361817968636,0.45651557494866
C185-122: Satb1.Meis2.GABA-5,0.58000237930714,0.7156561663763125,0.6159064190177026,0.06437588326657898,0.35468856986850433,0.29650348821649836,0.7466920678011169,0.15663928179034833,0.6488589279083694,0.5098979865711035,0.6636537666649905,0.7382147278324676,0.6969372483281008,0.7364681979395508,0.6572495155849295,0.7211934336023121,0.7284339405972069,0.8355842998717098,0.7563246864237135,0.6921537363751435,0.693123078973896,0.7152580023666204,0.6721413012705613,0.6848430047159331,0.6882017928641103,0.6807344848039897,0.7158892711547952,0.7036397046747623,0.42960593212907167,0.4126367391816139,0.504800547774928
C185-123: Bcl11b.Meis2.GABA-5,0.6182586946365465,0.7283229508453396,0.6166747085340023,0.07983425618434536,0.3582682059461233,0.29429734447857736,0.7597876355137492,0.1667826214834719,0.653475933430239,0.5254687704327003,0.6778124901633343,0.733374799548788,0.6857046274889461,0.7582877068754095,0.6544294173006929,0.7184502502029626,0.7097240416256658,0.8073483678833673,0.7202695968720395,0.6947376569204293,0.6353346441626562,0.7166592077420014,0.6840842956255639,0.6468819175447736,0.6595980489358358,0.6608227708350926,0.6699450238968209,0.6472776181606745,0.3910214498925133,0.37358852353496513,0.4690206907977537
C185-124: Ccn1.Meis2.GABA-5,0.5677103115146552,0.6442877068371469,0.5521928923164102,0.08265630888166305,0.3246119674983753,0.2805051249501902,0.6803698713180094,0.1538459128759392,0.5925283747560579,0.47583569744411797,0.5896009407794958,0.6350219204018688,0.6060990552061835,0.6532720590986207,0.5830039876020195,0.6312120133748255,0.6244161094165647,0.719044333482453,0.6381952164831595,0.6021711204489733,0.5565410478165936,0.6239633857454622,0.5918461873760453,0.57682186955603,0.5870099010244032,0.5855736231600708,0.6089650738742898,0.5764342717016164,0.36322242869994475,0.37059619088837564,0.4521557252799379
C185-125: Adora2a.Meis2.GABA-5,0.5762588782676975,0.6424451951049965,0.5585841903603262,0.11402762234960162,0.3599933119837715,0.3048418770584319,0.6698699945163153,0.1676615565207773,0.6124420005088436,0.5048321887713507,0.5986042328351,0.6440272911266153,0.5861233719639136,0.675818017570786,0.5735081231551085,0.6428192920152548,0.6363033518369674,0.7300088434343915,0.6502008545925259,0.6118307587520092,0.5678690348050318,0.6349757290180112,0.6106716099584701,0.5763622711890947,0.5947416408300128,0.5954582231612922,0.6067485285936162,0.5936915680025264,0.33896187760691004,0.3522893978599195,0.44671922729374175
C185-126: Tac1.Meis2.GABA-5,0.5894447579677325,0.6597019025237201,0.5791318592680448,0.11004092663215673,0.3589115019319699,0.31170624275759773,0.6784939179073805,0.17772040185790272,0.6260778890079557,0.5082245270333013,0.61594347879003,0.6395613109961303,0.6050663743354557,0.6759802529236555,0.5848663213555761,0.6307669265197932,0.6553362017300042,0.7408882911894364,0.6682120324982986,0.6246215842859165,0.575181040725455,0.636463045242558,0.6206119710027972,0.5978285988553584,0.5931224126088854,0.593285750561241,0.616424395929306,0.5820050352956523,0.3634917340362502,0.3705466784092356,0.4422102740580357
C185-127: Nfix.Satb2.GABA-6,0.5820718399954139,0.6556311296442531,0.618313369338815,0.11240083417645347,0.37721677080179783,0.32163639601039956,0.7181525880348576,0.19585921796890424,0.6180739796211319,0.5298610558182641,0.6663398516504029,0.7258265766844645,0.7029092466477822,0.6993892204984391,0.6517063661658683,0.6630918564095782,0.687994624986763,0.774096875497107,0.68791761808904,0.6808013391309286,0.6535672604393993,0.6781228144464245,0.6455390941528335,0.6438877856833551,0.7146183976396174,0.6869415706101668,0.8276638229549864,0.6959177704982693,0.48649392708055805,0.4469547890687595,0.5130968086848947
C185-128: Slc6a3.Satb2.GABA-6,0.5572558605160599,0.646920403013075,0.5828813207963097,0.04570307460702057,0.3687120561047514,0.30981092014476386,0.6839832577641779,0.09581601953806426,0.6270624797751314,0.4984447165154371,0.6556641829323194,0.7164230280878263,0.687634163419394,0.6948910801495687,0.6548362884087371,0.6528172966319503,0.699913480788995,0.7551975077886237,0.6769424486598898,0.6745443596520098,0.6560988052191576,0.6814632123718378,0.6719741431439195,0.6389105791208811,0.7079384725014716,0.6835014850653792,0.8617929410090432,0.6806443665933885,0.42884340067335014,0.3855915593332198,0.4611972797207474
C185-129: Nr5a2.Satb2.GABA-6,0.5525044112851526,0.6677351867315611,0.5979297378888712,0.04625196918891554,0.3618518912593488,0.30466753555920717,0.715430005699211,0.0930293536922702,0.6258729682997736,0.5325976555155828,0.6852173246752437,0.7419676822629061,0.7311587502647442,0.7316867065509485,0.6719368480604903,0.6931766328776205,0.726654380695833,0.772557895109729,0.6907779264867036,0.7131897736628019,0.6727615475071757,0.7249979339332827,0.6824103245720222,0.6815595279788579,0.7553269377933299,0.7106898214693481,0.8171651414623489,0.7375591214128973,0.4300055742853206,0.3925621047249645,0.4987807619238292
C185-12: Ebf1.Trh.GLU-2,0.6357771167285095,0.8208771924540441,0.6452695645366181,0.05463607882383617,0.4000046101537678,0.3337278209205053,0.7740025518204999,0.12977391270206734,0.6831962446137418,0.5222828179710977,0.7231631137060447,0.7541943554197432,0.6858908487627834,0.7613958743632439,0.6993302051548094,0.7543855949993151,0.7761352679531544,0.759538094621316,0.7205958663192296,0.7035508061872126,0.8069984772399813,0.7947719948256693,0.7542802165241669,0.7096646349708704,0.6859630394080637,0.6622596968597216,0.6316993853676046,0.6637306610875479,0.49814355035457625,0.3650743819522372,0.4176944311623021
C185-130: Chat.GABA-7,0.50090791188576,0.604715712913168,0.46372152627233226,0.05992929758836921,0.33113956665981775,0.27636202315761815,0.6571272190310541,0.08635531788279585,0.538961593835344,0.4193939443648922,0.6253318717666817,0.6021286175357186,0.6306788441312907,0.6388280985987485,0.5800614644771143,0.6115969037758098,0.5771019429671643,0.6514283448216075,0.5579029721256861,0.5591542886684503,0.5653097290865465,0.6132621971965183,0.5684299517394739,0.5114961120878289,0.5794551595650197,0.5397477770043246,0.5915885351081962,0.5460183295576043,0.4124257867871442,0.27604336421344067,0.3420949904203242
C185-131: Scn7a.Tanycytes,0.4952181951149068,0.4235060738698534,0.5381758631190651,0.34635417572567645,0.3681664700583506,0.33689629498021734,0.45340051487401456,0.4728688416868024,0.48376308382314065,0.44827387130965873,0.4667388640027257,0.45048043535967186,0.38780508122127316,0.4405219659231352,0.45622247410488614,0.4396527976475822,0.4461999078428358,0.4695111285403908,0.4463089565098739,0.4257041870113818,0.40016673950365295,0.44927484499673054,0.39780165553115926,0.39331329528124576,0.4691332810756936,0.466041694062666,0.44881986088507003,0.4987385332882844,0.3874046599520065,0.5693499973212213,0.7503667480604129
C185-132: Tgfb2.Tanycytes,0.5871883455013998,0.5242459302900074,0.6511883360719427,0.27335505179564756,0.4232168352031835,0.3739009928857905,0.5333035418821674,0.42858123267239706,0.6098194331389907,0.5413979737443148,0.5464599385198144,0.5731075430585846,0.511462384020638,0.5384794613043468,0.5884965963317279,0.5470620069111899,0.5499007962923632,0.5819217201200237,0.5506096407044667,0.537756301806157,0.524210416308104,0.5652202442208637,0.49004370246075557,0.5106673789747084,0.5851487423011803,0.553279630954434,0.570552129563244,0.5741286307441446,0.4097873569923398,0.7062671409750637,0.7995039046783111
C185-133: Prr16.Tanycytes,0.5507062048944075,0.49581657611254387,0.6006240268304546,0.25881056476329517,0.3973797542543343,0.3407216739272812,0.5170583805646186,0.40729493674488937,0.5625138912043697,0.5043523326732265,0.5176525180526773,0.5372960918107269,0.4834338978795005,0.5062574940524726,0.5527599070785462,0.522582848880178,0.5110200714061227,0.5444265974135255,0.5137683613741164,0.5041411159499115,0.4764773626074131,0.5225664620876247,0.4473301944665517,0.4694399834208064,0.5466001906884138,0.519239046190373,0.5253719415088175,0.5396453520320201,0.37898773691223264,0.6357352048827776,0.7683950221456894
C185-134: Frzb.Tanycytes,0.5720020373969322,0.5092213371182633,0.6267471370191997,0.2787460553137304,0.41990364186915125,0.3687118263169152,0.5391072859545205,0.43036126167229666,0.5849107830883005,0.5411549388610334,0.5428530490697194,0.5736057622166911,0.5047533429819593,0.5343890126876752,0.5638435433962113,0.5438126577802647,0.5394058998360386,0.5854605872796609,0.547957398444501,0.5258676692017744,0.5052969763113766,0.5467819606242977,0.4858391614588874,0.4860755342441198,0.5849279625595757,0.5649549379320056,0.5617425739671273,0.5901658109712409,0.3869372671402877,0.6438574816498508,0.8314880870950819
C185-135: Cdhr4.Ependymal,0.539367700138518,0.41602590691154107,0.5538123877507081,0.353635164783296,0.4573955099745242,0.41186202580298864,0.4398956221169942,0.42596169776745274,0.5271444312192132,0.5033690883203988,0.4503988835064138,0.4733129098319756,0.42385290245021534,0.4447690466256954,0.47699462092291667,0.44249006684899583,0.43920645776609585,0.47604753167225483,0.44022726113696825,0.4610858830607064,0.42264409824009064,0.454838758708545,0.40567767907002106,0.4050294146086561,0.5033946837352222,0.47231037629074535,0.49202348569347737,0.4952399487823696,0.3551102888009885,0.8244777679841849,0.6770608104001569
C185-136: Crlf1.Ependymal,0.3882020194254556,0.3113202200095747,0.41501338519135267,0.29929314283117153,0.28614657072356176,0.2683065736313827,0.3246251566344731,0.38648951471718995,0.3900897075702373,0.3590830248102086,0.3155002903897238,0.3343791621529116,0.3334901335447363,0.3398912448057128,0.36405412318531233,0.34759895679656994,0.33586203193582337,0.36294770396116394,0.33966913457650705,0.3574502464147589,0.2952406232424831,0.33797393033994577,0.29209851716924007,0.30578661007937163,0.39037475393780896,0.3711046217837246,0.39396318651389367,0.35429635111079893,0.2686253118492665,0.6472755287057631,0.5577425798604089
C185-137: Erythroid-like,0.5260467731920261,0.3591964872913119,0.41299245904123316,0.35400528515895985,0.4040377467134568,0.4260077819933631,0.3474137355261168,0.2975090214516646,0.49851110446101005,0.5803877372812377,0.4175838203760547,0.3867848990154683,0.34396253548853145,0.3784653480712258,0.45397604438222217,0.37199432337147065,0.38856037965656276,0.3834745707689903,0.3783922014567582,0.39721309564049134,0.38101750684024355,0.40208117886618194,0.3487289747558228,0.3882289849094752,0.39856982088206844,0.38825890285907555,0.38262560300325965,0.4374450914771795,0.32428526738865476,0.3926755980781442,0.38261660988982577
C185-138: Hypendymal,0.41583427607697854,0.41517509348985593,0.4760054564915287,0.23649546560282278,0.31730855760945254,0.28436122187877455,0.4080136669377069,0.35860936805407756,0.4261398179068801,0.37883001750019635,0.3696338135131209,0.41445700360379695,0.3544657590887467,0.39724237321607986,0.40448386330497604,0.426182985584876,0.39562393888120995,0.41916250407407823,0.4179413651036467,0.39196142086161817,0.3809796086801707,0.4300294952960422,0.3951465592322831,0.33444236408510203,0.40543449133699927,0.4132495110707696,0.3917821881412571,0.34851437201920665,0.3129386062505561,0.5092293671632625,0.4401255238329663
C185-139: Itih3.Etnppl.Astrocytes,0.6863230124072459,0.6117354672022871,0.8295747308335357,0.313350447663747,0.53489769515911,0.47247845449889,0.6137259293311699,0.3902623085529859,0.7105369140448308,0.6695578010409583,0.6275097219422804,0.6372552704765748,0.5878653257063082,0.6352470916433863,0.6349419061609641,0.6167522147686554,0.6378996061729051,0.6634032391022419,0.6395774554786229,0.6161124369050414,0.6000154284552597,0.6280710807769763,0.5774372424761859,0.5940651063921142,0.6662837967316639,0.6506650542846993,0.6219308615402461,0.6217675686661043,0.4768141109532526,0.5872797109423549,0.6331477775054886
C185-13: Ebf2.Trh.GLU-2,0.5819322599679747,0.8139425386111819,0.6051377049051588,0.03424347419546931,0.35992747338914394,0.2869236896843143,0.7354776080347577,0.117239353323754,0.640497051388484,0.4955076746739602,0.6953600508006149,0.7165514229125302,0.6599525517066871,0.7284101040128614,0.6630764844328357,0.7277771120039592,0.7496677920728927,0.7372235757488408,0.673916146948684,0.6931601243303898,0.797106822937644,0.7693812663676162,0.7349208218172083,0.6850090095177791,0.650867258707897,0.6338039314840593,0.6057532748834454,0.6199188213794143,0.4877110892858532,0.3512039437373331,0.3935946710027609
C185-140: Gjb6.Etnppl.Astrocytes,0.6697402719700828,0.5688966970286099,0.8150735534393347,0.3385049561122581,0.545247207650387,0.48877478617460995,0.5818493336377127,0.41021279382423725,0.6880303557574475,0.6489274815747897,0.6090941666864788,0.6070183558771596,0.5482286648622792,0.5996055965636518,0.6195426179104309,0.5840864272229332,0.6091764944403789,0.6186676934728493,0.6070860624699324,0.5905325109676369,0.5632606403671337,0.5919863413005648,0.5416379677464742,0.5723742888658977,0.6289925466152464,0.6246805189705248,0.6003826966753445,0.5886288676711643,0.46936527353219415,0.6036607815044307,0.6447635516668667
C185-141: Trpm3.Etnppl.Astrocytes,0.6792309800927243,0.5968145724620052,0.8192597856622136,0.3178521599043869,0.5235685010115779,0.4720391743106395,0.6108330615703789,0.40622522615659756,0.7046275342271616,0.6192496008082142,0.6125714902428436,0.6045726719675042,0.5391233623804518,0.6166257493953406,0.6142671969575597,0.5961538789120675,0.611424260641015,0.6218374958713571,0.6171646148511459,0.5866280212596218,0.5691114261392428,0.6032569945496018,0.5481645185131704,0.5805701871235031,0.6148090511512566,0.6087290912627307,0.5714855998949077,0.5726900783260016,0.4578416294329641,0.5891544364753865,0.61460118503233
C185-142: Unassigned.Etnppl.Astrocytes,0.7109074197282802,0.6404977825425832,0.8133558113961967,0.3206199479633606,0.594753412676073,0.5217779211216951,0.6403094364785537,0.3436177276840829,0.7270578398634637,0.7110112091723292,0.6598918415143442,0.6737128118070882,0.6280283929380094,0.6683453184677904,0.6749588227731973,0.6436130545138006,0.6937974531237362,0.718439431617168,0.6931323004538306,0.6465257114496816,0.6416505549516608,0.6614993473113667,0.6349003073631687,0.6408985019177574,0.7135038556528154,0.6879573274555221,0.676229412116552,0.6525487860181396,0.5063103468462871,0.560756730008016,0.602086958536176
C185-143: Crym.Etnppl.Astrocytes,0.6081863874524837,0.5052472720484638,0.7176398700832448,0.3102233445077845,0.4612366304870831,0.4102313713754684,0.513738383774538,0.41692897591557365,0.5971156147297666,0.555388470724291,0.5359643095243096,0.5416447576499746,0.4775541628123579,0.5388219630656749,0.5535708232463022,0.5234425684322364,0.5120600653830286,0.5538483890419099,0.5300607552064461,0.5210220279454741,0.48250106250281266,0.5295756260040635,0.44284878219851304,0.4566879998097135,0.5592557364639876,0.554251012995628,0.5390516801621348,0.5178243537018372,0.405199826953202,0.570728737392155,0.6304835021966019
C185-144: Gfap.Etnppl.Astrocytes,0.6480825969462984,0.5455859812679962,0.7763890870227605,0.38081083797469056,0.4965234875640598,0.46432585763808737,0.5470423365597656,0.5065215361450833,0.6604228106276886,0.60978707086706,0.5727293278102,0.5597765989654124,0.5024508757575983,0.5585075528283512,0.5810167828630903,0.5415824896230139,0.5721772044435959,0.5867788674013148,0.5917449817211519,0.5488786060290718,0.5169040612943022,0.5452667782556908,0.5001855218654968,0.5287417366886044,0.5912815804098281,0.5823153603547133,0.5681849317546918,0.5626405900300752,0.46027989615040454,0.6507137823108405,0.6955768019524812
C185-145: Myoc.Etnppl.Astrocytes,0.6167854699694884,0.5055105442854978,0.7218258196003665,0.38518527781213885,0.4760709787391247,0.4434834361775416,0.4922341114417132,0.541445584763941,0.6211716544505107,0.5712293897241085,0.5220684743670333,0.5292126345409486,0.47905659214181223,0.5198151511349183,0.5495650138682955,0.5051215098915985,0.5095962532806826,0.5382040158885595,0.5243193323754919,0.5140329143602886,0.48416164700418685,0.5208622183866161,0.4555703820619125,0.4613207002685963,0.5540231100062607,0.5451067828598094,0.5196071563855414,0.5415166304594617,0.4557536091140498,0.6712008730184823,0.6982719740171216
C185-146: Myt1l.Lgals3.Astrocytes,0.673259012393186,0.7310934758042533,0.7302774349722361,0.16407983687480632,0.472492256183833,0.4069423118110356,0.7687939920746638,0.25988292511550926,0.7088899712276598,0.6159852134589553,0.7036310499111011,0.7973798731022379,0.732686745804757,0.7728848688494673,0.731129003219188,0.7503559881435231,0.730139544082261,0.7886586639356918,0.714351996210895,0.7311249917278707,0.7104328404063,0.7587126855514568,0.6831008283189162,0.6705349853907279,0.7653332550918871,0.7493741344835129,0.7336231016813115,0.7071775147618703,0.4814592551510329,0.5375449452153981,0.6110927833054627
C185-147: Gfap.Lgals3.Astrocytes,0.5562593689609918,0.444067981163384,0.6335284641321903,0.39532370529705263,0.427415551162285,0.41034377229144664,0.4645064817028667,0.5066547575276409,0.5614799059043448,0.509589063808862,0.4758349726120401,0.44988756146044284,0.3960588654718078,0.44818435356021663,0.4875370734381885,0.4541800554946106,0.46608662016299146,0.475889910164642,0.4800384045429674,0.46085669335938434,0.39903173759471433,0.4462703474616001,0.39278047827360385,0.4226326908593685,0.47722751362450444,0.482153434426316,0.4762659593872626,0.4457545942088529,0.3848372566363129,0.6402484983958757,0.6420916824023537
C185-148: Pex5l.Ermn.Oligodendrocytes,0.832964587137545,0.6331429771862556,0.6866045004195892,0.22597425831937418,0.5039601473272106,0.45941218217609187,0.6223067648385083,0.32749201900440716,0.7700643443655982,0.6417474100647309,0.6460972387288392,0.6278185291770761,0.5817390090343046,0.6411993510698858,0.6720768721916177,0.6149541844157643,0.6322065282280371,0.6629850969119006,0.6451625155635646,0.6133868502797696,0.5990760499536086,0.6309403316294826,0.5983901359322145,0.5941931460143537,0.6140928456072139,0.6048385433010096,0.5814314846057175,0.6300948605043939,0.46619839266219365,0.5119994028021649,0.5618946097886691
C185-149: Opalin.Ermn.Oligodendrocytes,0.7991811217417352,0.5794278359003956,0.6216399751523761,0.2501784144747119,0.5013581632292302,0.46410577733198466,0.5743307029276822,0.30467243329194654,0.7236117235799399,0.6065091175365632,0.6087609894163867,0.5745501394773634,0.5330794949368011,0.5929317426030318,0.6172638895094387,0.5596399918336877,0.5867701226563031,0.6068721415736341,0.5949281360608876,0.5653684363550253,0.5408333007216947,0.5755796729439764,0.556615574546592,0.5478953577800483,0.564583944256232,0.5597616302818149,0.5338706635586301,0.5813251516941537,0.42237968752220667,0.46316942025705937,0.5071914466411295
C185-14: Syt2.Trh.GLU-2,0.6097960831505376,0.8086629193100359,0.6313197986559856,0.03553430401169737,0.3887853758913615,0.3110584647144736,0.7594537556711833,0.1033371512617565,0.6522159559288335,0.5159118177012754,0.69453675236352,0.7051223031451151,0.659700326102854,0.7303392789925016,0.6703312321797088,0.7222595865607405,0.7138853463276345,0.7223479428699943,0.6589326855712687,0.6556847907957131,0.813064658206626,0.7495309786057323,0.6896928299944565,0.6547213124002144,0.6541555903099024,0.6247692476222096,0.6183649922227703,0.6232418529304816,0.4824647583637751,0.37158048397204274,0.39233004780338404
C185-150: Klk6.Ermn.Oligodendrocytes,0.7853013726563544,0.5606193442037516,0.6126079165517118,0.25732670655746415,0.48714842022431104,0.46808100446147133,0.5442132652604662,0.3556001147316362,0.7039598244381791,0.5754998680466155,0.5898949049264215,0.5533663048128488,0.48905743981360655,0.5594646388234824,0.6219678943365589,0.53037557663761,0.5576013460678761,0.5872828751245416,0.5648786186732057,0.5210634602789632,0.5112807400939829,0.5575016807041898,0.5124518222543248,0.5119408085131166,0.5405623312616008,0.5382367841355336,0.499507613040738,0.5593071742478241,0.41714272692324356,0.4993607257003403,0.534403565797234
C185-151: Arhgap45.Ermn.Oligodendrocytes,0.6831608365872897,0.4326557778206321,0.5089395206616639,0.3297041424478698,0.45419943991121736,0.419471464051097,0.41499835849930766,0.3504147214448121,0.5817670899279883,0.6983339920446119,0.4537126384131991,0.44490484318872997,0.3896727659152947,0.44048697837090983,0.4831569829281774,0.42600579233429087,0.4489318818072265,0.4831345294269288,0.48184167060348615,0.44223624279355345,0.4218139271141433,0.46487862476739156,0.431545706606806,0.42252491215885296,0.4556640591716265,0.45086076832235333,0.4215373894133429,0.5266606889451053,0.3698143435098244,0.44389527132592754,0.4943676707845337
C185-152: Mal.Ermn.Oligodendrocytes,0.7904875674394419,0.5820452510368614,0.621104596498778,0.2560116490495944,0.497050149424362,0.47766987701182245,0.5711010706314542,0.3382156966880241,0.7321731698140115,0.5788416403871453,0.6053426640399001,0.5531485923082844,0.5046000848167981,0.5750399885588193,0.5992448498769928,0.5577504161358144,0.5721095425816599,0.5773455170783872,0.5780711830122968,0.5463819958615058,0.541087832083276,0.5660400636988477,0.5450771110920598,0.53128638526677,0.5434274300384537,0.5525763834537737,0.5111832325549887,0.5683152862292501,0.44108296084803034,0.4738502482413578,0.5158299522068245
C185-153: Ctps.Ermn.Oligodendrocytes,0.7387630273742898,0.5351485722337701,0.5701961291343614,0.2760699392281717,0.48725526864807317,0.4872907282908741,0.530583879845647,0.31653914772194863,0.6932953928481189,0.5244804681348385,0.5538828255673995,0.5176853617189612,0.44565574847893735,0.5438433056369835,0.567622860193642,0.5108459115136427,0.5411397915480985,0.5319636361722176,0.5406185707775167,0.50783112479559,0.5028099997129613,0.5385641680754611,0.5065019227331151,0.5093882441652939,0.4904981320832049,0.5242745205857069,0.45950832679443354,0.5303864956037888,0.3851437514586957,0.4354764671587703,0.4789125346567537
C185-154: Hspa1a.Ermn.Oligodendrocytes,0.723524324847436,0.5064822774916048,0.5280377177730096,0.26152624253239637,0.44812810431660977,0.42856915890532216,0.5002957141415525,0.32727987812979087,0.6344392811430262,0.532223021198205,0.5272488381595337,0.5101366195719795,0.47975666274950696,0.5292793609756039,0.5473548228696594,0.49479438341276405,0.4898264038565757,0.5386254101782636,0.5137251319236273,0.5144897138986845,0.45530846044458184,0.5062158924812559,0.455110405552166,0.4621787080482478,0.48703445522123373,0.5018445497947377,0.46560087992864424,0.5181125976232969,0.38618757985070656,0.4036209083857728,0.4561465378932317
C185-155: Cnksr3.Gpr17.Oligodendrocytes,0.6921934064538499,0.5385774097264113,0.5714036896946074,0.254142523070496,0.4784719619535196,0.4625700944323212,0.5508392957257275,0.29003148653605804,0.7142456578516538,0.5328560106453543,0.5729457033980112,0.5218922688568175,0.4706484340354088,0.552799262128435,0.560792955358825,0.5247081551360714,0.5471000666316109,0.5274259671437074,0.5427141063481701,0.5292323265432013,0.48670882160301554,0.5511029216793797,0.49627235356959465,0.5192370371588397,0.49105674078407796,0.5236879386726783,0.4820534096803048,0.5103552146753817,0.3864635354325011,0.4393064594945985,0.4596744057228853
C185-156: Bmp4.Gpr17.Oligodendrocytes,0.6850962770223793,0.568774928140205,0.6126762934462097,0.24859620593695808,0.46612807366688935,0.4486064495274742,0.5958989493296644,0.30826467661609114,0.7995140404983935,0.5461738950789514,0.5954048045327501,0.5459691238468667,0.49497969537989644,0.5748088887216086,0.570058713618491,0.5632151044538867,0.5553159348870387,0.554186721837268,0.5786746822386905,0.5605196733404793,0.49738492059999334,0.5569914595023507,0.5024000079928209,0.521043451156236,0.5112643400404963,0.5449536643074799,0.5228837079158402,0.5433680362582395,0.4226189049620539,0.4792082916724383,0.4894995390463497
C185-157: Ermn.Gpr17.Oligodendrocytes,0.610574258108854,0.38877018018201026,0.45729447142329316,0.28143889334844147,0.46704963617212686,0.46764811933843564,0.3957239072971956,0.2850207322736428,0.6200770138648337,0.40074747982235737,0.4427676741585206,0.3841727894335393,0.3026523197656678,0.39847021178777736,0.4554402369090396,0.3786841490399067,0.42523082648773564,0.41365196872142096,0.4425162210482657,0.38590805848464305,0.36414735267005055,0.3961555462153433,0.40519309900147876,0.40320890826123507,0.3885539127752697,0.3895692552835523,0.3572374580705117,0.41908374307063795,0.321924450845308,0.358043724993965,0.36277043649048385
C185-158: C1ql1.OPC,0.6772796645276695,0.5808007960892655,0.6376102229074494,0.2183693630817603,0.45644552573646135,0.4416915994392005,0.6034600496325543,0.2884383944867333,0.8318953001668259,0.5370825469669984,0.6151473772763738,0.5681304926548524,0.504202190247887,0.5823674164759898,0.5930737875450427,0.5833752331897224,0.5908046600249864,0.5812620820083505,0.5979859232221265,0.5672791883000796,0.5357151978588555,0.5756145113396617,0.5405247709584693,0.5583376291633322,0.535160519329578,0.5571630764587808,0.5368701606301605,0.5557690083720472,0.42063960338884154,0.4812837047373442,0.5031442974378798
C185-159: Pdgfra.OPC,0.6799193590741671,0.6082181353452483,0.6454160652409845,0.1995314667358199,0.4456783594351565,0.43217521757306804,0.6280323181840425,0.2934166094657088,0.841127659500449,0.5183888090316335,0.6276522178311176,0.583879621502107,0.5079644441438658,0.5984769476088995,0.6077564015343335,0.6081073417664431,0.6055528706683483,0.5931995569018793,0.6141459904835259,0.5854877790660848,0.5606666547316647,0.5974753970660894,0.5560848370233643,0.5767765009928078,0.534215147846235,0.5605893478143212,0.5366122500289259,0.5591262597896404,0.43373638834633504,0.489644675755961,0.5076177527733493
C185-15: Ucn3.Trh.GLU-2,0.561653521991009,0.7360503580395066,0.5785945545234168,-0.003129586635947921,0.32350044926523774,0.2520424447048974,0.6873476931900255,0.11639460959688995,0.6189542704131942,0.4749938296670588,0.661914689990146,0.7008247779941692,0.6948508456377395,0.7135501535787444,0.6713781329711105,0.6771990753921584,0.7096664868276517,0.7137590246012162,0.6553096950658175,0.6995397470954596,0.7426726646944822,0.7166233990861675,0.7014068597705426,0.6677509739675118,0.6772459537612934,0.63156991613386,0.6487336814066595,0.6314709978150127,0.5086493377068764,0.35111195111717697,0.400751153327523
C185-160: Dividing.OPC,0.6736476594388922,0.5885903257035934,0.642951584594787,0.23943416080985452,0.4546778813452602,0.4416651102777605,0.6118604125406633,0.3298039779292689,0.8133061207157036,0.5228744166543673,0.610373260921219,0.5639157886047579,0.48707010040746945,0.5857281149064795,0.5948231479791722,0.5792886266374743,0.582692806125425,0.5761894722753201,0.5942431288433733,0.5699245213759793,0.5309729182451417,0.575207949133116,0.5244280908472275,0.5573871837585681,0.5220944688722948,0.5440214198389333,0.5267359698073353,0.5393702269101234,0.426557353387581,0.5028372496786382,0.5134041848194961
C185-161: Cspg4.OPC,0.695437437635631,0.6246472776040796,0.6647382423622458,0.18853337493677844,0.44796940188737877,0.43067564725517776,0.6354609214175276,0.2669831901944208,0.8532749269866777,0.5605056883879986,0.6466573100545,0.6234885701874749,0.5728143094741335,0.6374414966674219,0.6354716597852151,0.6269037982943543,0.6400760944638376,0.644813015878104,0.6425838217966461,0.614004589312203,0.5914588489567392,0.6404158120702701,0.594364483859072,0.6002099738307062,0.5867016308940153,0.6025144660021402,0.5728015720916191,0.606545864435021,0.4262545432743141,0.4603375615294052,0.5024685085887102
C185-162: Tyrobp.OPC,0.6044410319598027,0.48137913305246366,0.5495041357265512,0.23421467432324464,0.40990374354653863,0.40441431303739656,0.47223162235430266,0.2720289522087313,0.7259897931037163,0.6292467493330783,0.4805605582329059,0.4748283140509459,0.41795519433598216,0.48663503389064183,0.4929545167363547,0.46515540962852925,0.4824195235638673,0.4972122923951887,0.5173446609372754,0.4666987456690173,0.45316726859548495,0.46550256625093683,0.4182339326682953,0.4648722682304185,0.45174148049794677,0.47248353942121857,0.4706097457227005,0.48524815642837393,0.36783807686558856,0.4472921422324768,0.4290323859229753
C185-163: Selplg.Tmem119.Immune,0.6350675662635986,0.5665180970746361,0.624078271742324,0.31425599494645,0.4993997567780411,0.4342868459002151,0.5469552405249226,0.29363487021451573,0.5941620164312686,0.8452995959914124,0.5460660768888816,0.6021289188752879,0.557485367189045,0.5730908438694494,0.568196882922333,0.5687868957439186,0.5941936413656052,0.6273284449806804,0.5946325341658517,0.5727881872550353,0.578975837757389,0.5965538467989622,0.5464245360976607,0.5402878076825006,0.6192199404119774,0.5978418699279083,0.5924018291117288,0.6111653698255083,0.45394540986589743,0.5090109966102964,0.5410251785912606
C185-164: P2ry12.Tmem119.Immune,0.5854904305865296,0.44604474646339265,0.5247126420221471,0.3786017992605622,0.5128888304687402,0.46374211596098974,0.42921832889123884,0.2991331880952277,0.5265034060333221,0.7959164867102143,0.4637513191848194,0.46947739565365265,0.43556547740432805,0.4507694568135032,0.4685098689179965,0.4446077755493086,0.4777499429011982,0.49184394065108517,0.4882867502015289,0.4586720310008121,0.43978458707029516,0.46474679384538164,0.42691655483973057,0.4238669783378072,0.4919916087754394,0.49224389957745107,0.48410542011716085,0.494488833726603,0.41736633461528916,0.45003182847419343,0.46934931998868623
C185-165: Wfdc17.Tmem119.Immune,0.5223233438524311,0.3848758900464346,0.47394614638629406,0.413444846988416,0.49436250902375667,0.4558191498693032,0.37591964521810095,0.34420573033516894,0.4832892993136082,0.7532230200476253,0.42505052878859984,0.4310183054117564,0.3879457373968249,0.40415179153155556,0.42801368738495865,0.4010928348752331,0.42804424348458064,0.45000186719963675,0.4414307359490762,0.4165792053610584,0.39497873340291423,0.42546303437352817,0.36983041499081537,0.3788202210644491,0.4752809028890447,0.46069111160271314,0.46900227772282804,0.46101435829939563,0.38867959967506877,0.4397388279905813,0.4653985974638993
C185-166: Ccl4.Tmem119.Immune,0.5202590464987451,0.36502208573974976,0.43754274009952976,0.37283871934344626,0.45112185792947923,0.41559127657638734,0.3613115524059776,0.3163291440843426,0.4464185695727021,0.7179496852811384,0.3900216653297698,0.38299657008428684,0.3538820824590538,0.3773222844846681,0.3941349381963404,0.3575653491841499,0.3617912457134906,0.4160135835633279,0.385708500787051,0.36689360053505976,0.32233313083095627,0.3625840978683266,0.30789908377389713,0.30428370487402084,0.41034083899792617,0.41604731816221474,0.4214740751852303,0.4019790373415177,0.33973894610475247,0.4112780938360397,0.4195314578428434
C185-167: Top2a.Tmem119.Immune,0.4391062682390477,0.30448444866595875,0.3914913210754702,0.43549590857823933,0.46520211922449173,0.43771847200727354,0.29446878473026694,0.34300154725318954,0.3927983848063057,0.6751889492306632,0.35378834035064366,0.3353525915339393,0.29844351127053576,0.31975849680558405,0.3408943940955713,0.3189107589227651,0.34090190332926296,0.34869587047526307,0.3537896307057517,0.33458552835193006,0.3104307477864309,0.3369861323898067,0.2765664338129066,0.3079594342035383,0.37579600807466,0.377376955266694,0.3749584102409707,0.3861406817041314,0.32285608450517533,0.42616985585448175,0.401405968526447
C185-168: Tyrobp.Tmem119.Immune,0.6194651776033505,0.5326507913489125,0.5965235655266771,0.3488978904103949,0.5174290973254441,0.4687798891421551,0.5174654823313686,0.2919209701514699,0.5922148482455125,0.8103793992134146,0.5485742051828216,0.5702758751624124,0.5424455077570406,0.5454776707411877,0.5507856642878726,0.5348973471057699,0.5756649786320845,0.6033169318724887,0.5768048831022812,0.5562466150679939,0.5415950157322746,0.5735004276260575,0.52206262992113,0.51890785986296,0.5936911465047394,0.5818974113325357,0.5807212579740223,0.5808454690790326,0.4403929796719137,0.4819668640491446,0.5068507604528023
C185-169: Ch25h.Tmem119.Immune,0.49523354064854325,0.39590564854761473,0.4722859768242502,0.31544482111532185,0.4019413964484377,0.36450273426402,0.3736913862857445,0.2940584320168583,0.44208111301930436,0.7255324788864495,0.3751311546692216,0.41585402327528964,0.40939963923114436,0.41113133538890967,0.3961328409837119,0.37155224234963086,0.4187099583477393,0.4658083018131494,0.4359678268691245,0.3802407466554895,0.38659599599098754,0.39275063073335903,0.37296503956318827,0.38847158927852316,0.4526683758337664,0.419357415020938,0.42129766600329827,0.4390070595948182,0.38516302785875567,0.4083045294999688,0.426865897789355
C185-16: Tent5a.GLU-2,0.5917508897806967,0.7277440384759939,0.5986305046811208,0.04400188642524004,0.35444535964419416,0.2886255173336534,0.6643956534842924,0.13615479384262713,0.6018830601444106,0.5136741506695643,0.6551878263199452,0.690930088570735,0.6710822389383334,0.6984348674378135,0.6510076801888429,0.6580861037265879,0.6551089146947602,0.6881726589644981,0.6253651541703689,0.6993030120019423,0.7274743607937082,0.7034814647932721,0.6411254100851035,0.6159292634104326,0.6448627032167545,0.6267319319991889,0.6332566673069747,0.6274085966084658,0.5702417557451138,0.3735510943484133,0.40785527689553025
C185-170: F13a1.Immune,0.5241402173060258,0.35049084558837884,0.5075283054402274,0.5193473366043586,0.5098307535305568,0.5147568665327227,0.3367378368959927,0.4778089858355303,0.48093467572283594,0.7215841050734427,0.40373320576852884,0.36426270234863245,0.3238616706166511,0.3625961491168448,0.3871462432859491,0.3567466767254287,0.40105241053121427,0.4084713091881508,0.43871914107629545,0.38739290394208087,0.3573762149181318,0.37607312913789837,0.3423878266804907,0.3619441646190357,0.4203438816076408,0.43930464942932884,0.41453092771244365,0.4367054999264727,0.3853636097091485,0.43451921810259125,0.5094949063478256
C185-171: Ms4a4b.Immune,0.3835432355343762,0.22809146456832707,0.34425593901328766,0.39565436025199646,0.4899504250327264,0.45744753478584216,0.21685491803287185,0.24735486149715485,0.3303108993140636,0.5676625637898893,0.278997318191124,0.2803639577951389,0.25933274479545765,0.24861526744534052,0.26215750653838127,0.2354203147579023,0.27368890085148784,0.2877125001975939,0.30071467112232686,0.25528705406407437,0.2265807298915351,0.26276712313652284,0.21551768284889317,0.22832262631331937,0.3204665312289363,0.3105301930479008,0.2980938834379903,0.3115383838434654,0.28900055944623537,0.27733875821065335,0.31256768155920006
C185-172: Immune-Trbc1,0.42975282978648244,0.287805448210368,0.43062058204687176,0.33322220109089323,0.40745871074524087,0.3852400598496211,0.2663169126442161,0.3205609375200817,0.4160115591509436,0.5137633627028301,0.2946312155907203,0.3218663772972967,0.292532588058498,0.2951656394163631,0.32434643250594714,0.2707099061874014,0.284372203392118,0.3401859523469896,0.3478137781271846,0.2957668965505426,0.2729353249700242,0.28756278113226513,0.24982994913007978,0.2953250325187609,0.3839939640901863,0.3341333700026011,0.380459498656085,0.376676586800717,0.3666921765229977,0.3708844028146403,0.37956528852014626
C185-173: Cga.ParsTuber,0.511626415296512,0.49619957984155144,0.5227511252026413,0.23767510530967864,0.38968485618397414,0.3625646632193653,0.5239048447824481,0.2651995826353915,0.5132455631661585,0.4579952019656473,0.5146066805509447,0.5417055889976621,0.5311089564309778,0.5196931115709998,0.4868410555762434,0.5022068387165005,0.5297108813490818,0.5528978276770345,0.5430151931145727,0.5372478683139663,0.49379323355862964,0.5088840491299258,0.46257453834839873,0.5087412358294482,0.553253451374176,0.4963770974494277,0.5381583163643946,0.5261502795016758,0.40537608974886125,0.46650655350346965,0.47793577141228466
C185-174: Anxa1.ParsTuber,0.46093891871570036,0.3435503028582353,0.4784630304659344,0.46102137262153603,0.38174609887387556,0.4158762241728215,0.38533501971701317,0.4848449972342081,0.42062732444597023,0.4133270547762309,0.42671993691083887,0.4016128493313442,0.3552759801404805,0.37446539491815684,0.38570401438121793,0.3610911133385071,0.38894464436809634,0.4320509186812807,0.4296158159723525,0.38435546892724703,0.33804429806529185,0.38904137200962763,0.34769350321469833,0.36866728252416403,0.4238211911742668,0.39439016732105736,0.4075571039731626,0.4005740962528811,0.3373699542752875,0.5269156503976816,0.5352422473744579
C185-175: Kcnj8.Mural,0.5282812528036223,0.43821672601597883,0.5123193871431899,0.547984358463317,0.5922186283942924,0.7269299137411313,0.45102198675530636,0.39681899175091656,0.5223066821231396,0.5311984220679642,0.4910771047445692,0.4656945866386412,0.43908454725671175,0.4692354045718366,0.427848471961971,0.4352163793620986,0.4678995940447963,0.5021210636882278,0.4778001011246035,0.44846915886443833,0.4341316349829694,0.4515801308154012,0.42582910701924975,0.4225836481864488,0.4859161598005081,0.5044827676920635,0.435689064454172,0.4732282539530155,0.4330407479208162,0.43055330905014794,0.4537659600373942
C185-176: Acta2.Mural,0.46220029272473767,0.3604762522431715,0.42160507943621656,0.5610140013227206,0.5460821017919327,0.6578686761739863,0.3636739889901944,0.36851285863612326,0.453603501464186,0.42696323127973107,0.4168618292849245,0.3779642704103379,0.32840228675901784,0.3732874506919935,0.3776085769422726,0.35276147150202797,0.3908219827503628,0.4130157147991162,0.37479995224125523,0.3491939689155485,0.3592167166739588,0.3909530045264046,0.3695885651024347,0.3649835150818521,0.37938861324852025,0.3985119463071715,0.3455609897777898,0.3945095125212369,0.38536004739699253,0.4377841671078701,0.38651415061484795
C185-177: Slco1a4.Endothelial,0.4936174548844281,0.3234767653030063,0.42885307239900117,0.5569771317760331,0.7947450684855186,0.7032842508174725,0.34248759508901583,0.3293403284201584,0.46940519565939925,0.5156752030463787,0.43141448040801106,0.38871394771954193,0.316921314252731,0.37229736252382456,0.3923647987737798,0.34678218389113674,0.39395343562663937,0.38926016277267045,0.39447984038234724,0.37467047222645644,0.3462704668718123,0.3805617345342745,0.3539712598699647,0.3625057725604162,0.4007963050445442,0.4312973072428694,0.3584343322026339,0.3979363639341705,0.3660642520052672,0.4001250000192577,0.3912670321246849
C185-178: Vtn.Endothelial,0.3147467225211468,0.12333153980617104,0.23575269327801326,0.7508257456355069,0.640307301688471,0.7263597495468483,0.1399407234647917,0.4651915070671589,0.28120306451725574,0.3301682348115322,0.21938136718412726,0.1535658329441019,0.07798081770316223,0.16032433248722947,0.15526187727044294,0.14788998190411382,0.19786201259239483,0.1906160735074817,0.22505177167134915,0.1518365737577991,0.1343131997914827,0.16036983859652462,0.17079586046680764,0.1902272569505834,0.14662837508609505,0.2275035742414537,0.12765760180523486,0.19060329985409763,0.29280735819262144,0.31871610500776226,0.2821758006988248
C185-179: Sema3g.Endothelial,0.45748340785708846,0.2794006513444846,0.3774055073257983,0.5841979423440831,0.7452173049406055,0.6589652316699558,0.30309452238884804,0.34378018281367934,0.44250640686381304,0.457848981238522,0.38862993827395337,0.3323950943131228,0.26189848472074967,0.31455528985298015,0.3360378993090478,0.31255695980627357,0.3486542490854347,0.34519753165266975,0.36446606807603543,0.31169548186014145,0.2773994522674636,0.3293143290287751,0.3088688869161826,0.3268586085504588,0.33926921628010653,0.3640438998437501,0.3068443526672267,0.3449730989526993,0.3504154262033176,0.3772056901794215,0.3517784215154902
C185-17: Gng8.Samd3.GLU-2,0.6129140987263227,0.7949002329931705,0.6165498322409687,0.022808310625202537,0.35240469929249485,0.2857572481474796,0.7471419605894635,0.10520926342153887,0.6575659274161306,0.5117342580182247,0.712356080879077,0.7229698498561569,0.7025908121100941,0.7259708858682863,0.6976483767042063,0.7268912658299799,0.725413746966279,0.7463690477625495,0.6765024487685172,0.6978497035376605,0.7691656833259548,0.7570111443238279,0.7118288084813466,0.6723890034732991,0.6850540590767522,0.6424323590603691,0.6493811845424212,0.6395163607797136,0.4736987503708437,0.3853492517636964,0.4044724221850391
C185-180: Meox1.Endothelial,0.36002809907544464,0.20509579280051918,0.28707894487843716,0.5855547739574442,0.6824649966263207,0.6631242085360751,0.20083779876409497,0.33679370967358535,0.3445958524493465,0.36973302886333537,0.29504275205140157,0.22410119836631506,0.1596030925033162,0.22488153840713423,0.23455189144493138,0.20436481803577933,0.27853751854313535,0.25321926609914286,0.2880930162208028,0.23396926228249554,0.2310666159347427,0.24107427494214093,0.2322370700770877,0.2601777143759477,0.23998717509821607,0.2898372112800059,0.22269754206432466,0.25936480119665406,0.3054543786562044,0.306718143745509,0.30096707501050357
C185-181: Plvap.Endothelial,0.1907377450408954,0.07936704724325505,0.17588767611239778,0.6003332359160397,0.50179824805057,0.5124104154571111,0.06850690762039095,0.42028693591295013,0.19443160228265946,0.2880735056110288,0.14378362610595138,0.11392660087416269,0.06566939119661265,0.07572142889060114,0.09904013268807613,0.0709565108370099,0.09264508207757977,0.1014791505718796,0.13915779501780332,0.12917931113054112,0.08269529510517538,0.11059210486138386,0.06511690851311336,0.10003709292863461,0.12447471576675771,0.1553028188009679,0.10201464894531354,0.15141914424896255,0.24219267642261202,0.20760326943318202,0.2311480723793369
C185-182: Angptl1.Dcn.Fibroblasts,0.3355880869274695,0.22512784896383112,0.3154602467376766,0.5852824065633234,0.3670768193312473,0.4165907179264854,0.22310748271340522,0.5708670016111314,0.29120492303981554,0.43853992593251445,0.27997892726031665,0.24878220857156072,0.22419277383729044,0.2173160576797441,0.2224909747949181,0.19720914951513502,0.23854500713328686,0.28831675199394224,0.2874213513651274,0.24754197433438505,0.21312336189683814,0.24255477689586183,0.21440208751714349,0.21453106715245976,0.26814955168223187,0.26916794763002483,0.2588088404563215,0.3301458186047355,0.3583754669058946,0.3632395343127284,0.43435988193323927
C185-183: Slc6a13.Dcn.Fibroblasts,0.4807038127688069,0.3907472440338344,0.495877718200481,0.6123225833097318,0.4526133035260067,0.5039652384473884,0.36855469935926627,0.6844486821891699,0.4707770049240431,0.435741920974047,0.42655430279113193,0.37853070276118045,0.3482606990996583,0.3809773904416258,0.36599865128068954,0.36917466443601626,0.39577227309369784,0.42563649203325993,0.46042526997837346,0.39653998164274057,0.3587810624636134,0.3894268398931798,0.35094928309620416,0.36020448447145387,0.3859421644902104,0.41613374166304845,0.35574558262804273,0.4308090544704278,0.47346058423283643,0.4245761207934188,0.513841722118369
C185-184: Slc47a1.Dcn.Fibroblasts,0.39701391848547035,0.31069744033441676,0.39655216536051136,0.545223607609503,0.40039621971903105,0.4342054096480449,0.2993704287895901,0.5963580689534651,0.390856934084422,0.31645604470715366,0.3303934120191637,0.2832106043635073,0.2473739519556451,0.2972453248509414,0.2806175649800483,0.29841077729775894,0.34749413354981507,0.33708634879092925,0.37022320972956757,0.3006226487758876,0.2651056591470594,0.33502553844701666,0.31488810737954787,0.3053293092656417,0.30252415521317705,0.31706773117074083,0.28057438833796267,0.32013059275581907,0.3451769629465989,0.43182106737297876,0.4635824457044444
C185-185: Krt19.Fibroblasts,0.2986786655131203,0.20394890440541333,0.28619893750231146,0.4043016148749184,0.31052461888763394,0.3055501772063605,0.16642547177977218,0.4462841919991863,0.2685177025864517,0.3063349527465721,0.17965054821303636,0.18375517627380253,0.18208971678517555,0.1894649107935667,0.196274769377269,0.1878111976809562,0.2135377045427745,0.2648704721114491,0.2566595172320529,0.1855348710744324,0.15533357635435802,0.1891894446419242,0.18459674798646025,0.2190879721637665,0.22975340295286467,0.21915383729833185,0.22607472684868316,0.24433653263432598,0.2520797747670204,0.42507065816289724,0.4088450939278631
C185-18: Meis2.Samd3.GLU-2,0.616480064043558,0.8303582490981604,0.6214649382423458,0.014276347997997629,0.3582000257497562,0.2824927536322872,0.7984054062642434,0.08825139582154859,0.6517813080546312,0.5098749028358328,0.7188559105324281,0.7210899500047658,0.6756168307672298,0.7531843567554057,0.6741874045896245,0.745896071983553,0.7400037641015439,0.7277557710644822,0.6893215467572769,0.6789077520270547,0.7447404962334342,0.7678115482960003,0.7252312557987736,0.6750807140599661,0.6351153054398548,0.6263597433438968,0.5934963534300747,0.5839739776481742,0.4603064108847513,0.36029439885936293,0.3860517029946388
C185-19: Foxb1.GLU-2,0.5877331546552017,0.7807025574392173,0.6083331838091532,0.030093838933006115,0.34751453705064544,0.27772461771705265,0.7274608955998223,0.138480359895949,0.6478026654822371,0.49261377686494506,0.6951824340322906,0.7005469452034961,0.638858147216059,0.7060406727941857,0.6820959281475402,0.7068463921007742,0.7386821525723439,0.7054158525780907,0.6852874543199257,0.6869798120505137,0.7313165752337328,0.766843565282692,0.6984795225504347,0.6740460580697034,0.644997712604402,0.6168317529251323,0.6065412612027955,0.6041347617333149,0.5090508271722068,0.35744941458421975,0.4086497678009436
C185-1: Shox2.GLU-1,0.6138084278724429,0.8056698992478389,0.6071004353578857,0.1067412590971715,0.3895854261724297,0.33514175274399644,0.7350740198432719,0.18699409918149873,0.6284692808585562,0.5129010299083823,0.6869886556542377,0.7009924755256106,0.6700800068363242,0.7177453586568721,0.6657629074871925,0.7110363314766976,0.7299406655222167,0.7289086658065898,0.7080496850742912,0.6832313784628791,0.7031968914898952,0.745245920658248,0.7030245828305666,0.6543213806256457,0.6652072033100271,0.6284497177000672,0.6049293177760533,0.6329671018938465,0.4919296911135001,0.3712271420777597,0.43802213166394904
C185-20: Lmx1a.GLU-2,0.5552309967764726,0.7818847837168611,0.5666154529415892,0.013706317922095472,0.31490867694749336,0.24937041698259022,0.7102451709974251,0.13532054669653074,0.6156282001801334,0.44048647792368867,0.6600146267972116,0.6909803674013626,0.6369725422865519,0.6609093870210324,0.6408566354780814,0.6638258157574726,0.6792715017726441,0.6929107097017545,0.6623735144783743,0.6554501289004185,0.7121256393826509,0.7155232818979049,0.656284834129002,0.6299075925126096,0.6160618735770249,0.5759661804881371,0.5868097830153556,0.5628352599320798,0.5026721411046285,0.3541510455958458,0.3648832238931978
C185-21: Sln.GLU-2,0.5792494166369455,0.7052504584357516,0.5623769898494204,0.11013638032797272,0.3693035387900668,0.31438896685027196,0.6231343616263583,0.15907459921655814,0.5905175746479338,0.5232058559470188,0.6143051916570019,0.5974339855903529,0.575788784077114,0.6165882126202186,0.5517824230535575,0.6020335205457421,0.6164695285284327,0.6027188373066192,0.569200810508934,0.5981139432098638,0.6045376701615754,0.6419189557515299,0.5852972870476351,0.5678933513909955,0.54526439098706,0.5338223197200925,0.546291443975776,0.509311453891591,0.42767613524181797,0.3432280650471331,0.36054301668840183
C185-22: Unassigned.Fezf1.GLU-3,0.6278990880817599,0.7520745648914726,0.651612005869756,0.07348663841221575,0.417483953851829,0.3515755471014088,0.7356030182313208,0.12176274379470511,0.7022050936439579,0.5482094414448738,0.7295099047091633,0.7297763551515175,0.6823760859611032,0.7574353059888141,0.6990801435763573,0.7348297639591316,0.872031776479353,0.7564517521123205,0.7826039921113451,0.7211450144448366,0.7222814940536102,0.7870145403360568,0.8191386535947786,0.8055231731600079,0.7144503439299413,0.6944202546101991,0.6781271802687001,0.668179810766336,0.4586199417821426,0.3861265126449514,0.4513662927234739
C185-23: Arhgap36.Fezf1.GLU-3,0.6189153267993401,0.7466183544509627,0.6426880979113305,0.061218259352757834,0.41626069159474466,0.3366516830752885,0.729704126853563,0.11303724635672971,0.6884822932171744,0.539048569028363,0.7263084634057045,0.7226720032710264,0.6724064881200705,0.7480713336748466,0.6949087412438728,0.7360903595103462,0.8621453707390905,0.7422667706923876,0.7553194262357346,0.7232809049095749,0.7317035700541333,0.788909170553863,0.8212835589305704,0.7667079092044081,0.721823577795733,0.7007356235894122,0.6843324463694299,0.6698669708000601,0.4300489884476511,0.39603070181856326,0.447825352401676
C185-24: Mc4r.Fezf1.GLU-3,0.6031970556033458,0.7486126459367278,0.6374711485498895,0.058844292381996156,0.397074235923363,0.3178199845922272,0.7294415062394841,0.12160145013628244,0.6865064361061448,0.5305991476589131,0.7282032986732522,0.7218707144032263,0.670156383765465,0.7561802172787069,0.6994745261502483,0.7406803864621172,0.8386463039167907,0.7448525974518326,0.744449814361457,0.7264940988362124,0.7320200111668642,0.7918729496261492,0.8093621332147679,0.7745282967664378,0.7072246035791911,0.6829372885119027,0.6526945700239077,0.6715313305490047,0.4493599538978014,0.36859020829750466,0.4249228665255529
C185-25: Satb2.Cd40.GLU-3,0.6226843020470748,0.7419473429922526,0.6355081042309535,0.08772257250246242,0.41840409612179774,0.3529458606864117,0.720896296088907,0.14129221742389247,0.6885856695274098,0.5332183411334025,0.693330148137443,0.7160610536239311,0.6582435247625885,0.7425422008672949,0.6653224755537639,0.7139320740340459,0.8500840958629976,0.7546688879203574,0.7604082108745334,0.7107655257561941,0.7108440694156387,0.7693900302977104,0.8643782702634709,0.7905183304668449,0.6936562326608663,0.6783311549141893,0.6733418115238892,0.6709489599479945,0.4501505054413023,0.39368429740542593,0.4503007821453695
C185-26: Moxd1.Cd40.GLU-3,0.6137368932222502,0.7228605260769457,0.6294249212100855,0.06272418263078859,0.40750098426745074,0.34808761806615035,0.7148567499800019,0.10913211515314646,0.6751339414782519,0.5288675526752682,0.6998347659223432,0.7157658629585484,0.6961228411132805,0.7411477955532064,0.6855979230252703,0.7115215232860558,0.8453030353081802,0.7460438079228268,0.7577921480903971,0.7299512517188878,0.7120928565246315,0.7789973517328033,0.8574543834465047,0.7851338753584323,0.7249416095663535,0.6841313270447975,0.6761996991372846,0.6823279656516396,0.46287721233996443,0.4123977053035258,0.45148711025307464
C185-27: Nts.Cd40.GLU-3,0.6207892914060177,0.7240532438425522,0.6341830545899775,0.08022372170805907,0.3984215390714332,0.33516647899741264,0.7123951607610293,0.1478451731349053,0.68540558636077,0.5411521320452078,0.7019896670127065,0.7094926492704768,0.6573553714739434,0.7250616004787837,0.6776048172894544,0.7003507718397084,0.8270811424004542,0.7496731183074643,0.7557985248033073,0.7183288772710948,0.706075740631917,0.7598776198836401,0.8264109322360101,0.7540391178494245,0.6910771129002552,0.6719183459028695,0.6908306378375255,0.677999770249744,0.44757105758478777,0.4285551535753963,0.47025523139615427
C185-28: Cbln4.Cd40.GLU-3,0.6244969928604737,0.7554460296623671,0.6270998931415228,0.05822259900942658,0.40159637097042383,0.33511079844546654,0.7394776650125396,0.11633197870802313,0.6817695501664758,0.5330425958659937,0.7049088262093145,0.7066161103737294,0.6612121839219308,0.7418175388739026,0.6711397388907298,0.72523839019117,0.8398735876511193,0.7431588382738015,0.7481971158848202,0.7182208241006792,0.72014078900884,0.7704919020781957,0.8726510906858045,0.7684224808986165,0.6933048097427018,0.6669214580124565,0.6636516300885075,0.6678733406234674,0.44940734899016743,0.3983463019318094,0.43580117868469004
C185-29: Iigp1.Cd40.GLU-3,0.6089461239981092,0.7198208643945258,0.6215645717427981,0.08082912602072592,0.4114254311353215,0.3615579804411225,0.7119896586002421,0.10433169738388558,0.6758253322497042,0.5317470337816803,0.7077026886180222,0.7096203078418953,0.6825718929580639,0.7331200702003322,0.6861664849900304,0.7036661538460743,0.8351324697164654,0.7488557790462077,0.7478801655650682,0.7027030001201328,0.7022322890059459,0.7696536856978389,0.867830061411071,0.7560277122720629,0.7225531042143564,0.680147615066521,0.6890039220659806,0.678621033612642,0.4405610332935889,0.4153112975825469,0.4734441814040309
C185-2: Otx1.GLU-1,0.5956607122175249,0.758013955917378,0.6096890032253921,0.05449273658252437,0.38395840961225686,0.32571673231771264,0.7469542631683754,0.1309593660742713,0.6649835466424857,0.4874599377089659,0.7453733619308308,0.7181111163312174,0.6502132730091651,0.7279946999042353,0.6809901132998937,0.712680470205442,0.7243951938840165,0.702157032015901,0.6707956495148985,0.6840634347562013,0.7249356588843366,0.7750379889308054,0.698518684193048,0.649637925084431,0.6746604431054574,0.6291422492804897,0.611280341654837,0.6376936074361721,0.45406056890592295,0.37327238756324027,0.41146277765759076
C185-30: Hmcn2.Gpr149.GLU-3,0.608128813766466,0.7249780854467102,0.6398935056273319,0.05924649402446873,0.38969672791904103,0.33177712452925706,0.7090906566761417,0.12847233090954124,0.690154692868011,0.5191264259497848,0.683038230793328,0.7087141457466889,0.6879842793669593,0.7460891338154402,0.6838235920095248,0.7102829614472489,0.8366761689798997,0.7506800622900275,0.7707386903472062,0.718024251892637,0.7098494734220758,0.757237470804732,0.7742283443197223,0.8498237533424302,0.6977880825202367,0.6650754043659147,0.6539471323429836,0.6714427180984442,0.4621550532817696,0.3828637026767469,0.4473086120019752
C185-31: Tcf7l2.Gpr149.GLU-3,0.6255981896785807,0.7602662516487559,0.6648892274321633,0.08688021728518676,0.42277977158324337,0.3601406011336546,0.7456735989145455,0.15978581647075035,0.7105641558666853,0.5384883572353582,0.7068042310836263,0.7302258701257276,0.672274734100031,0.7555576219744967,0.6974026887426339,0.7367114513521825,0.8287877537709853,0.7483222065438678,0.7696166708821327,0.7244676644019581,0.7178938443413813,0.7869877385010026,0.7668637469278791,0.8052201624097824,0.6889775499838647,0.6703833995788053,0.647924386865113,0.6729612787342062,0.46379217289142605,0.42937737085322836,0.4731591877227305
C185-32: Bcl11b.Gpr149.GLU-3,0.6353989679279726,0.7408454685003938,0.6539737139796675,0.12113366585024062,0.44259703152542174,0.38027677594373627,0.7338063634330454,0.1772311649633237,0.6986357974268228,0.5609942268017276,0.7059952651454533,0.7304482167762671,0.6857375760516382,0.7214018450338849,0.6845035488441524,0.7157248455647148,0.8175972854568253,0.7734981290877601,0.8366612750253067,0.7104886785511946,0.6884801671822728,0.769134293567822,0.7542711907357298,0.7715396195199878,0.7287471705437741,0.6746603740480256,0.6553855986806788,0.6806176629409965,0.47797839836730277,0.40701563214656944,0.49343354061940964
C185-33: Fezf1.Gpr149.GLU-3,0.6205833343055966,0.732112628724368,0.6425648824098122,0.08755254049578476,0.4179779660320063,0.35712034864625763,0.7122701175104446,0.1466005614707258,0.6886993220832763,0.5465978981798072,0.6971764799568795,0.6927459703291392,0.6632554031320292,0.729747283312813,0.6681296079540515,0.7049893906796664,0.8698733280662937,0.7371750459385181,0.7813271340333209,0.7074357149366215,0.6847288776026963,0.757553000291225,0.8173462594661479,0.8125399624009912,0.7045752354753332,0.6616062913041623,0.6499337940948133,0.671339438400418,0.45326513739172347,0.4105963994708221,0.4762346074090603
C185-34: Sparc.Gpr149.GLU-3,0.6637219035368329,0.7409979735207689,0.6808757645316297,0.1462124882358536,0.4785850814521459,0.41764523444522117,0.7175995547344098,0.17532125050861674,0.7216624129529073,0.6107024346236473,0.7131039178065732,0.7350303599224709,0.7104505038036193,0.7587380627949437,0.710996604062952,0.726572215494864,0.863686192376688,0.7835298299859591,0.7971208559962039,0.7272804428011498,0.7171240430969936,0.7856643851229825,0.8296708974713128,0.8111702608656588,0.7644800024166265,0.7173783379736531,0.7004481608031303,0.7212792327589422,0.48953064554253534,0.4346643971693664,0.5072348682945832
C185-35: C1ql2.Gpr149.GLU-3,0.6336554877025358,0.7578117180594518,0.6477207707596634,0.08932885944168321,0.4269445887386992,0.3611802605145253,0.7414687950605323,0.15448356595826004,0.6916812527027538,0.5358921153607712,0.7127951631458339,0.7274162782671888,0.6640627646504933,0.7459848219458174,0.6946848051807283,0.741745064749069,0.8453460861136558,0.7602797453504574,0.8015695287587494,0.7065483850189609,0.7101332216763933,0.7757351116862977,0.776520153656456,0.8055499462230838,0.6973173529903846,0.6729945608738392,0.647724680525037,0.6626290960855883,0.4671170282053643,0.39190002869691193,0.45456435134854806
C185-36: Vcan.GLU-3,0.6177294660619287,0.7398778074602927,0.6377642438964763,0.09986142018321581,0.40969367067144297,0.34496723866521267,0.7333580081213015,0.1868744118612403,0.6940139847576944,0.5355137787866029,0.6865940600665916,0.7261971385322552,0.6545328123164411,0.710992821648977,0.6661540921769857,0.7116122008127659,0.7936126875560005,0.7852188251441982,0.8596462989083095,0.7002839737714318,0.6910635944012132,0.7507341602799528,0.7403461792540695,0.7458064582040819,0.698800743021955,0.6524789213210395,0.6672136450883148,0.6706218885510984,0.4766087297977037,0.4036690374897851,0.469098527362919
C185-37: Prdm13.Tcf4.GLU-3,0.632196377563879,0.7249735011657028,0.6472471692068346,0.10290390522381039,0.4086865023713118,0.348066338864902,0.7380243697986855,0.17975915514118918,0.6911184942273504,0.5386293447208508,0.6854009696651898,0.7157700236677662,0.6667461233317455,0.7212955140535375,0.6613264900041886,0.709533433567792,0.7939612433490019,0.7772826157520101,0.8338523801282901,0.7025591268960758,0.6856915936556355,0.7342711545575423,0.7211916204661177,0.7430252664574213,0.6800868766197923,0.663576997756821,0.6699607212694648,0.6504206768208812,0.48126605977490294,0.3893864352144706,0.491950312385083
C185-38: Nfia.Tcf4.GLU-3,0.6406521578834884,0.7248254922214982,0.6555214582109541,0.11486936298803214,0.42362191070567556,0.3668319621407266,0.7328149536431553,0.16722990428317622,0.7002955606711062,0.5647938207042573,0.7087986496454021,0.7124293595158521,0.6835643870414778,0.7265752276428745,0.6885153063031969,0.6935643592416347,0.81357138460292,0.7647770376800942,0.7909804321454722,0.7119446460723897,0.6888818543048065,0.7574916899040964,0.7318526753244622,0.7731743458504182,0.6971469553929813,0.6652701202677332,0.6835770133685525,0.6610916932960873,0.48220226427193735,0.4198140965084675,0.48788979862494714
C185-39: Prdm12.Tcf4.GLU-3,0.5576491835809686,0.67907394945216,0.5892588594040468,0.07210763061245667,0.3479946987392035,0.29494821305100477,0.6918615996798397,0.10177529032687634,0.6298476811420808,0.5062347721365191,0.675130030381529,0.6944968122464888,0.6578481543931607,0.68235511232478,0.6657587845059914,0.6624527526608566,0.765499651854566,0.7366959272580967,0.7655919001802828,0.6790090438884552,0.6626101646392641,0.7270046094218245,0.6984098710237269,0.7222495434915078,0.7295507925228173,0.6373725454568865,0.6535060982784405,0.6501306855065615,0.43985587869006965,0.37089535191589124,0.4650752808435558
C185-3: NSCs,0.4927607873071798,0.6842982135281023,0.5134889121319324,0.017864806352497483,0.27897154437475824,0.2239189324416841,0.6224780147443534,0.10936650921527312,0.5333700004147117,0.42058202090098556,0.5499728206937264,0.581889343585865,0.5203841175286376,0.5832670949578226,0.5486795996823273,0.5780028272149054,0.627670918738335,0.5927442051206882,0.6006405617129975,0.5630065508112102,0.5696075724647502,0.6067799196767278,0.6309672841652271,0.5875184368718479,0.5211265960182864,0.5327102400280193,0.5128020927321922,0.47240875411975347,0.39785185063860407,0.33287096252117176,0.37270474120829394
C185-40: Adcyap1.GLU-3,0.6268546055594764,0.7501002259286342,0.6329551269704178,0.08407545175392223,0.4040342946893409,0.32039617358903727,0.7097945712691522,0.13408640277914022,0.6863713107345781,0.5812617482038089,0.6636811631736861,0.724818889079742,0.719248012195893,0.7255573331639261,0.6822577525340806,0.7002086521184273,0.7866035821110502,0.7664511399206849,0.7283201745195662,0.697808553614838,0.7110463843865262,0.7529328712621256,0.7641795212567637,0.7247324838081975,0.747771811170615,0.6815269850590926,0.6678661977228328,0.6735246979580217,0.46391438378392197,0.36608793699578224,0.4335769819089604
C185-41: Lef1.Mixed.GLU-4,0.5994819871619745,0.7559167009808341,0.6125103662815767,0.054567719493244266,0.37872225673382526,0.30468784076756045,0.7415608461348333,0.11611164110409596,0.6614987553912053,0.5174897538461223,0.7216081964486382,0.7848532870942742,0.7192754246000707,0.7708987747487794,0.7395777152571166,0.7609296581353437,0.7726721283801592,0.7505253539178182,0.706389257565154,0.7401603071241033,0.744747788588302,0.8647692948256718,0.7438965741057962,0.7095206606262432,0.7389297370661189,0.6905232143221839,0.6577389539680053,0.6758965837198385,0.4506016288782556,0.3797888060011478,0.44369556507267266
C185-42: Lhx9.Mixed.GLU-4,0.6079042370799164,0.7624396322694297,0.620886870029488,0.02059003084896142,0.35767531436376876,0.27672446574601617,0.7410839867373523,0.08710037951664178,0.6595933265916869,0.5222050327062349,0.7386850579023423,0.7852130674895133,0.7525421915834754,0.7828004458943792,0.7393310174723795,0.7501464658450052,0.7896065088176305,0.7650737418187249,0.7196533924679172,0.7545492652175946,0.7529246306800277,0.8313334823659406,0.7681847890833574,0.7123486475740674,0.7555563189012545,0.7141733321156758,0.6899493203280475,0.7021675189548694,0.4415093883306877,0.3763019016143492,0.4301632362935844
C185-43: Cped1.Mixed.GLU-4,0.5927911680201301,0.7185022011056605,0.619809071684164,0.08874645167990505,0.41788151204722185,0.3417314841458874,0.7235975209990712,0.12171877306805885,0.6581835944930096,0.5279245943835383,0.7104217979714661,0.7699011584026746,0.6864227848660628,0.7542195942897831,0.6908989392779906,0.748132571616361,0.7569639123680032,0.7471491642691314,0.710731997600039,0.7200149572520794,0.7282818783784527,0.814424569702641,0.7277748118749324,0.7063348222719482,0.73391199022584,0.6986150578520743,0.6512837579924042,0.7009763916892249,0.43265929207073067,0.42442762501556236,0.47025477088277357
C185-44: Lpar1.GLU-4,0.6092092224847413,0.7340378254102488,0.6316704922590534,0.05710982371458751,0.4116574178350454,0.3227722117026282,0.7360680682973589,0.11660961359398057,0.6601228137325448,0.5355161113932734,0.704040485461623,0.7509505714136374,0.6821960318083847,0.7432578788868694,0.7070018886741689,0.7404766822393964,0.7978061643311498,0.7548473109037939,0.7435474620274002,0.7169263828901238,0.7399892695492892,0.7864339456858082,0.7548034815128387,0.7230932400960663,0.7143983614215869,0.6993484453200781,0.6620192802524528,0.6838236080289206,0.45449338441288406,0.3869610304400623,0.4621412767684597
C185-45: Npvf.Rfx4.GLU-4,0.5757199990588123,0.6916621051370926,0.6300257674622438,0.0428074317938516,0.3818639277773361,0.3048904738238659,0.6936821912669644,0.13114308630839241,0.6573673475213911,0.4864914853047752,0.7084497043275777,0.7600935933956785,0.6661563027079552,0.7027775795537775,0.8100418251605328,0.6979505209969974,0.7104140348474368,0.7143437470440642,0.6762997733254228,0.7093333971425806,0.697654613707828,0.7723704730219909,0.6723093380833501,0.6569879646533145,0.708971768907929,0.6795196864647595,0.6697803297828124,0.645985490556883,0.4733365379767744,0.4223581644199052,0.4637329858561122
C185-46: Qrfp.Rfx4.GLU-4,0.5845649677048332,0.7033261472240095,0.6394242240106099,0.026153252751571883,0.3707195358009718,0.29856556761600256,0.6980655529060223,0.13477861745672992,0.6491066124598939,0.507434302283007,0.7298502982414867,0.7472650752077287,0.6681033786592099,0.6996526415718974,0.8316338223299901,0.6998642438353543,0.7290436161950873,0.7214010821154093,0.6830111238067922,0.7101004620265347,0.7445820061086474,0.7660661238594816,0.6940428558073971,0.6838609540566141,0.7317231687105669,0.6783601013308678,0.6926670899617657,0.6476391520785729,0.5168827401570508,0.4164792288091693,0.4794826441927414
C185-47: Hcrt.Rfx4.GLU-4,0.5970041310159712,0.6691069700783019,0.61683802215274,0.07259366970942023,0.3933052893138773,0.31945322348542343,0.6634046331187166,0.15838210482185666,0.6710843326947946,0.5187505567853483,0.7089085503765229,0.727476427872364,0.639873982111691,0.6806425424898324,0.8750001149115241,0.6721038641526105,0.677435071962469,0.6844307419246897,0.6307966550224895,0.663684524653831,0.6759169991202425,0.7486607806080283,0.6473949269994579,0.6269432944936787,0.7045648776439365,0.6544763547860578,0.64314223723125,0.6088986166839148,0.4756276087054189,0.40551641223438895,0.453195994702588
C185-48: Anxa2.Pomc.GLU-5,0.5568366917811242,0.6582591682061701,0.5786599990596784,0.06860283752690152,0.37687994937228225,0.29831169065480556,0.6812377575595632,0.1254032086430233,0.6219838007953302,0.5005216566796414,0.6701025054430352,0.7175739141475451,0.7047980014956595,0.7175309898643458,0.6976641298139629,0.7045675261704241,0.7091451521901027,0.7211596894432715,0.6699399889667066,0.676567677146681,0.6673298625294778,0.7305591929500179,0.6920538609367104,0.6647846217682768,0.845783361018888,0.6864793739993017,0.685398308912288,0.7297311031511995,0.47244777293205475,0.40573537589814807,0.4744388887998468
C185-49: Glipr1.Pomc.GLU-5,0.5540208204120004,0.7016551695175393,0.5987974930674869,0.04024120389597007,0.3427920970657308,0.2901269900017832,0.7101017575326071,0.10257511461216269,0.6373365319670586,0.47253993271953426,0.6764613510089914,0.7195621242547425,0.7227702378039318,0.7400936712033328,0.6937353418572084,0.7284738238149802,0.7693246989344246,0.745224782426612,0.6918666760944011,0.7044139718401359,0.6854183546014692,0.7553349861887521,0.7491906046891503,0.7114090887516665,0.8104642616286224,0.6890782135390832,0.6898719375282903,0.7393195919373352,0.4600531738226885,0.40113299753559073,0.4866906573192057
C185-4: Pitx2.Irx5.GLU-2,0.5857606996318143,0.7919681868659454,0.6061406882976741,0.0059808880334096485,0.34544712063320043,0.2708688758816686,0.746908255749095,0.11427830511493405,0.6557571958661618,0.4719646903264378,0.6823647809067962,0.7230174081766952,0.6613865520172815,0.7202358929138097,0.6735594551812342,0.7192557811773996,0.7481032263947803,0.728231523719966,0.7031025753150328,0.6879845307231637,0.7409276513668378,0.7704315136046915,0.7254103733754943,0.6903818856643699,0.6783581201125712,0.6244500024010347,0.6488557736649462,0.6235073147613386,0.4762650923077675,0.3513978249798151,0.3839839921853271
C185-50: Ttr.Pomc.GLU-5,0.5513806703151661,0.6587351906950906,0.5797661471122948,0.05107984609906059,0.36134156841472603,0.30008819677445786,0.6927340512792128,0.098355992327767,0.6145267581391808,0.4875011787403697,0.6740027755327268,0.7342264568220754,0.7336555737083248,0.7205843273669502,0.7151587828276653,0.6899143329964383,0.7201778473038887,0.7506406419654101,0.6955064994746556,0.7046583169782072,0.6690549781143142,0.744459509107094,0.7059038938063409,0.6815712070066355,0.8471359544306187,0.6727439380935747,0.7065287802581496,0.7385410154969002,0.4763548765271967,0.3810360781436883,0.47604522242435016
C185-51: Tac2.GLU-5,0.5881952479170032,0.7041780403770828,0.6188706714566705,0.04151815662186014,0.3673958817798143,0.29283735946900963,0.6967229443193216,0.12737407485548505,0.6524719172366311,0.5138978149417002,0.6665731970172317,0.6986890864352316,0.7279178665250949,0.7080062666908052,0.6926834979917845,0.7067236602496708,0.7574476127315664,0.7272820500098249,0.6765666020828793,0.7024217737506955,0.6943477508181198,0.7303352656587506,0.709957397697132,0.715574280313699,0.7834052319733844,0.6743288896394889,0.6904851245976951,0.7254246797966126,0.49710997876337776,0.39563457242420924,0.4630194312596251
C185-52: Bace2.GLU-5,0.5615772398598741,0.7583053853578512,0.5885663102490382,0.05369061416177353,0.3389495268163707,0.2852956608324745,0.7507824825553523,0.11796411538244944,0.6540654640687326,0.47260742238822673,0.686468834460146,0.73243058787074,0.6895475144770622,0.7539480065579531,0.6759972721449821,0.7560391190393235,0.7626219432507673,0.7345545891397743,0.6927699813514182,0.717669888117348,0.7248698502333115,0.7840679355055346,0.7329048576213705,0.6999301402878607,0.7219201967283344,0.675506476854597,0.6566162034923061,0.6857553805700556,0.4754650566351606,0.3933985005188242,0.46347456486385336
C185-53: Ebf3.Caprin2.GLU-6,0.6022258082524647,0.7129110194916009,0.6166682972931768,0.06658771692593476,0.3677737354231668,0.2946910717294578,0.6677684424565077,0.1909481311800811,0.6429831469832202,0.5319329538375128,0.625648769117109,0.667760804305715,0.6647007359498576,0.6746907270474555,0.6580253742146692,0.6521645741461147,0.6391898104521351,0.6998274843077693,0.6483263145139256,0.6594594205272231,0.6840901003344284,0.6543404346724954,0.610829892382702,0.6214717864953625,0.6475818629047365,0.6104870216584398,0.6474839054832334,0.6078709058581606,0.7428586247195792,0.3678366863034271,0.40532040056185514
C185-54: Oxt.Caprin2.GLU-6,0.5635520011395925,0.7002898015443415,0.589032160598905,0.06296549552779189,0.3593697535541878,0.28533735439001195,0.6785999833954617,0.17444412709393808,0.6170404922756754,0.4877403940162448,0.6418315534364196,0.6806751085179508,0.6817807937028603,0.6771576791346952,0.6897570466170764,0.6579766656528698,0.6531097372121857,0.6958519937109688,0.6295806676294109,0.6657294148802337,0.6912783989646437,0.7006780882439426,0.6358111398586704,0.6270584470334355,0.6694135328338627,0.5943271325112032,0.6533999554655483,0.6282829027378132,0.687876541623711,0.3710857546493582,0.4206166051190627
C185-55: Unassigned.Mixed.GLU-6,0.5782772256884354,0.7081436601134508,0.6187304594263784,0.10967168734860486,0.41257751021471106,0.3377824362666603,0.6911944910521662,0.1554398773511604,0.6081971465202715,0.5335988075773582,0.6414199407365677,0.7000750179169569,0.667578472444341,0.6918614865430418,0.6282861112899416,0.6825549739909565,0.6419527480587227,0.7130001734756926,0.6433873111627468,0.659178888142429,0.7002871705232752,0.6973463949166567,0.6199583121347528,0.5807578532328987,0.6623255392820163,0.6383059325548702,0.6502335200106869,0.6025843875813216,0.4833174063163758,0.4109187060898263,0.43675899532541373
C185-56: Pmch.GLU-7,0.6225258292939165,0.6905386768720868,0.6240020196099869,0.14746103462301155,0.4469800689974691,0.3875175111678735,0.7035288973357786,0.17163409031439078,0.6716517553893021,0.5491357401046042,0.8621265942191988,0.7148670450460535,0.6590563029734311,0.7001790460918652,0.7283357039887296,0.6895558530793323,0.7309344259071432,0.7066645015079865,0.6774692760860398,0.6947972943412407,0.701270364112479,0.7602970152219398,0.6969324890720843,0.6523104477493408,0.7058482546496634,0.6713566971671838,0.6759404807685611,0.6639283991637018,0.474419073606782,0.41067955541624557,0.48837630205906146
C185-57: Nts.Foxb1.GLU-8,0.586254151806596,0.6985923216051856,0.589213924027394,0.11983651686723926,0.4009438857768151,0.3221729691768846,0.666553111836655,0.2167795084010173,0.6006786873261338,0.47305401167237404,0.6282616460950713,0.6189476541875164,0.5442928306758751,0.6492678565419336,0.617185745520904,0.6306631506802806,0.6656466342343329,0.620711289037295,0.6150132078703918,0.5862752259559401,0.6703773099297831,0.6713097276689938,0.6166692231993544,0.6025786915522436,0.5738589283060374,0.5422475421596336,0.5340070551302584,0.5506057542522205,0.4432023265255121,0.42097839573596413,0.41806816671608493
C185-58: Postn.Foxb1.GLU-8,0.6016745146909169,0.7373008756406724,0.600287511811312,0.05760537179337423,0.3844548318448515,0.2948419376623714,0.7088943284914346,0.15161293282961896,0.6383004779882209,0.4811290174295943,0.6857706866472765,0.6646915925395435,0.6338992206703564,0.6877000940736899,0.6509565356648471,0.6839558168472177,0.7295741588965294,0.680096631974555,0.6614684408912439,0.6413169826324638,0.716091454560209,0.7350119494693215,0.6887487823715801,0.6755571628659344,0.6604958694913364,0.5983890212107348,0.6161980321911777,0.6206389867313101,0.46095942589023153,0.42497665386761835,0.43750333986788137
C185-59: Fign.Foxb1.GLU-8,0.5976075851958472,0.6840341089384374,0.564711161244655,0.08835150379455088,0.3557414410233345,0.27916644348408776,0.6417037499167145,0.19597579135895732,0.6181191855517584,0.4694658273158519,0.6200968216348914,0.5918966231271393,0.5670092736628233,0.6351400483103803,0.6108345880355737,0.607794955136079,0.6722974437591803,0.6186282258937369,0.6113342942357427,0.5904853174235379,0.6666976197016989,0.663754027557401,0.6318431782617409,0.6176357221426895,0.606382262564908,0.54350856507501,0.5510362129369771,0.5884258105994707,0.47174102497284737,0.43059636789385175,0.4407015588085896
C185-5: Nts.Irx5.GLU-2,0.5838435576069416,0.7624927461518123,0.6154085237637846,0.020726820518408115,0.37024435794952026,0.2967168291323509,0.7336031160205513,0.1051825669136559,0.655107238262812,0.4815184362344698,0.6847439685188866,0.747989629843481,0.680268101572322,0.7342385633763047,0.7012483375421804,0.7212840352133816,0.7536687397210207,0.7465480230008119,0.7023814329075296,0.7049875193923342,0.7416167049769057,0.7763632065792665,0.7415202877754952,0.6948323496140946,0.7069784229280626,0.6684600916382643,0.6848555681827999,0.6541359167975936,0.45348289413254145,0.3810142517943533,0.4185404668875099
C185-60: Epha8.Foxb1.GLU-8,0.6012535463620239,0.6747197425910914,0.5810890419771217,0.1146239970581222,0.38720312674655555,0.31460591602300375,0.6304796970013516,0.22249947284331417,0.6175645240903948,0.48190901036189165,0.6140547356699659,0.5900647336602574,0.5288250763335308,0.6158625980902935,0.6070776898019932,0.5998512687112669,0.6596878524385661,0.5996315793986403,0.5982017580399277,0.5664560497773375,0.6297535921110705,0.6480752574770634,0.6117646427080438,0.5968544469921425,0.581152690286879,0.5331196857622565,0.5273294736073346,0.5583571111067364,0.44830678493978343,0.4399626991850959,0.44682541159314065
C185-61: Prkch.GLU-8,0.5580723688752175,0.6908608801684751,0.5445357001478272,0.05911029163375504,0.3300109933665216,0.268286831436256,0.674371635217456,0.14013903988847257,0.609906204673715,0.39075227797068196,0.6076445447273022,0.556548989146494,0.5335396474641585,0.6118362040716623,0.5596568483330906,0.5914975624990843,0.6400253338024419,0.5761547709867227,0.5824851638973823,0.534501492138807,0.6119231606422572,0.6344716587085889,0.6085520596469249,0.5965556730437084,0.5322418627087154,0.48442889739071543,0.4808855855016304,0.5119689386273281,0.4275643264916685,0.36055327812595217,0.3675487490972684
C185-62: Gnrh1.GLU-9,0.4357358680007333,0.5059050201564084,0.48977978330966526,0.11685362632389658,0.32284261099253214,0.27858371254721137,0.5396198727963176,0.15585282304074466,0.49475486566587173,0.4382365933686108,0.5501528283218858,0.5506405263215719,0.5147408949677675,0.5102793714329686,0.48950597191169076,0.5218846022768157,0.4674315454233526,0.5628952579772541,0.5000973785687901,0.5199989661663144,0.5155679715996684,0.5311364873210564,0.4399944450159159,0.40865691245327274,0.5433879173603198,0.48091598449691053,0.5654146118022235,0.49740756349417264,0.3972084846274361,0.3585217305942884,0.38233336632146375
C185-63: Thrsp.Mixed.GABA-2,0.6081948304030917,0.6963261732119734,0.6186900619450056,0.1304635791962291,0.41251607999498746,0.371563106826169,0.7566213044402403,0.17147424668585695,0.6517181390074391,0.5293680201980283,0.7038079666269387,0.7473008468032212,0.687314037068624,0.7417626062746366,0.6868676629210758,0.7240745361139229,0.6955201893256364,0.7445349047202717,0.6706777308414156,0.7030611507390208,0.7141212318496674,0.7402103518357835,0.6634548954363474,0.6560059597219052,0.7158758733408963,0.6853616979487276,0.6937435054382926,0.6930927443147558,0.46744316500810706,0.4187217648188424,0.5002914787510396
C185-64: Meis2.Mixed.GABA-2,0.6276415144546059,0.7641723929258127,0.6422218229115578,0.040728402315339966,0.39987586583288454,0.3337323630908527,0.8648753637608209,0.11040667741538199,0.6842619427079264,0.5231325959217992,0.7377042116484269,0.7924365898033532,0.7473374581340071,0.8046616148677903,0.6997664004311096,0.7838767735878541,0.7250372251355095,0.7902479210079432,0.7149980321571447,0.72073461446857,0.7330443133042736,0.7813315095180524,0.7039434634121795,0.6726696717507449,0.7245838597286528,0.6941283890889226,0.6957349820025988,0.6855277905919472,0.4369872949643879,0.3774859139699708,0.45023395509930964
C185-65: Unassigned.Mixed.GABA-2,0.661773525198944,0.7670552512769957,0.6663150547996362,0.11546499607546679,0.434420799596416,0.38027048927312773,0.8160337610228571,0.1616645307555186,0.6995075375529185,0.5783937196822055,0.7367550579602048,0.7897744961200681,0.7483028158446504,0.800333817531713,0.7088001615653521,0.7763653397149527,0.7679555811339072,0.8099938312924169,0.7473688484492788,0.7500501624387077,0.7289802640370062,0.7838900760946189,0.7236310690793905,0.7164408166173634,0.7339975202025498,0.7277073527013852,0.7154473908639992,0.7164310700684495,0.4631288576903732,0.40989570067108727,0.5003821097610496
C185-66: Unassigned.Mixed.GABA-2,0.6469326223233585,0.7523028780524611,0.6514503034775418,0.08658339315426908,0.416671621708795,0.36095977305298166,0.8300294394458655,0.13227832476049795,0.69030111758377,0.5557494793993987,0.7252075619224507,0.7757727540228289,0.7288907830159004,0.7991364877671063,0.7021023210168433,0.7830794963772135,0.7773661243898216,0.7886991132020704,0.7544021364329057,0.7305915321729634,0.73388453915327,0.7874706100925726,0.7359909619914208,0.7230717971049997,0.7270816773803208,0.7168853131120706,0.6989159547462405,0.6949385336619387,0.4465768283768344,0.39357794863252304,0.4709662184688227
C185-67: Pnoc.Mixed.GABA-2,0.6161623292282283,0.7360628302651759,0.6245204836840766,0.07589407914795496,0.391746636374954,0.3362864590155697,0.7937769038309719,0.11731918499534047,0.6553274742241424,0.5391934661077098,0.7197716598890006,0.7758941839261827,0.7403519897575357,0.7890789798048069,0.6788439414484958,0.7570399172506761,0.7724743981922048,0.795593228556665,0.7272734892977546,0.7351838966024122,0.7098760403542737,0.7782648038566587,0.7576640400834914,0.7217989317249843,0.7510977322935372,0.7110832224458223,0.734341682106337,0.7157338785924016,0.42537442841055173,0.3923737626504852,0.470073970313334
C185-68: C1ql2.Mixed.GABA-2,0.634012899393502,0.7462264113084136,0.6513550194396296,0.07175020393822432,0.42228221379043945,0.3590749879211045,0.8211543190935882,0.1160223230647364,0.682283195839389,0.5357750715014497,0.7019485022178064,0.7673035103763548,0.7137203217518147,0.7790128674655667,0.68832157775744,0.7631483268311224,0.7383642721231721,0.785282571003442,0.7247878058557627,0.6888043694368705,0.6933365343848736,0.7518832434772645,0.6968099333302988,0.6894904716400325,0.7171471022990328,0.6921553648463724,0.6820912559507191,0.6829437057575026,0.44904878886879174,0.3851941496644363,0.4601250593604662
C185-69: Pvalb.Mixed.GABA-2,0.5977367928744528,0.7107241633219973,0.5898623688462169,0.05419546824234488,0.36296601754156554,0.2883353693140835,0.8122041247975339,0.14301446179169772,0.631170153125738,0.49779306063465706,0.6803885117899487,0.7078371615697484,0.6480043136960302,0.7256213547627561,0.6451982023130262,0.7058538251427975,0.6320741087310636,0.7122460378805745,0.6248472462311379,0.6504540734353172,0.6448113296186778,0.6946564760666187,0.6220900731641659,0.5843637295580156,0.6235594735838219,0.6100242094263982,0.6206178988703054,0.6180089006335087,0.43330602579279176,0.4107350240379213,0.4497759302772942
C185-6: Rxfp1.Irx5.GLU-2,0.5699060451356971,0.7548668667954803,0.5759487010655862,-0.01391293579806787,0.32467347143169983,0.23848084007157747,0.7126032977943102,0.07805620767693076,0.6441192722866254,0.4417373523535737,0.6511410730058151,0.6850155245507974,0.6420028693448223,0.6936185209284028,0.6494833811425761,0.6925744499266404,0.7032798949397063,0.7065944229974479,0.6697903066142834,0.6505893752271128,0.6825165621243965,0.732822383264328,0.7020157791109257,0.6284195653362373,0.6629916337242878,0.5985134977571375,0.6082105017535769,0.618246491801115,0.462549686277025,0.3358846970054431,0.35422613688332183
C185-70: Otx2.Mixed.GABA-2,0.6199769695329532,0.7324189084716358,0.6136108262074171,0.10832721676597619,0.39754334911591016,0.3554585881813253,0.7876251929781015,0.1415709937422391,0.6350419422885379,0.5122658312168001,0.706470083568599,0.7134239381870306,0.6869333290367923,0.7505006646371745,0.6586188111391988,0.7166112277280979,0.6878704829503411,0.7505862712651639,0.6729767112032105,0.6661355470732554,0.6910881401770977,0.7205234389784037,0.6585858086868777,0.6513483866732832,0.7225069669343318,0.6380725968978269,0.678287632956686,0.6428330843473241,0.45971689788620773,0.38531895787846837,0.44580905372423574
C185-71: Vip.Vipr2.GABA-2,0.5976167126875251,0.5947716699796927,0.5763662307027488,0.22339150638334496,0.4385553565723139,0.4026479435658762,0.627239554361984,0.22996950952420747,0.6317113543565355,0.5552462399902744,0.6403343643268488,0.6192736600096254,0.5877805398092033,0.6185099627146965,0.6126875175181508,0.6125923955118366,0.6311831474909021,0.6203899982483766,0.6018932287579188,0.6213432011589821,0.5697541982806708,0.632406338192608,0.5590374398733605,0.5956939720876683,0.6194944806451578,0.6132469210495926,0.6359353645881057,0.619360033803891,0.43078329740338117,0.4976834588994481,0.5401476288263587
C185-72: Fam122b.Vipr2.GABA-2,0.6158607620652532,0.6113844090968559,0.6012232865288166,0.20642589879389223,0.43877416040990924,0.394737179922199,0.6507474329219304,0.22100015389040498,0.6473300474665251,0.5716844131939673,0.6620460303434869,0.666258563329001,0.6344765912741882,0.6648250520711376,0.6551311581726665,0.6410648147915098,0.6651080358765665,0.672081494841009,0.6547566752989871,0.6728334362676048,0.6011681853764651,0.666787160241245,0.6141613502509409,0.6263900854493485,0.670614110397697,0.6542864430618325,0.6770616440385163,0.6461945194970143,0.44767750938723494,0.49060705899568813,0.5384206250735961
C185-73: Cck.Vipr2.GABA-2,0.6048910269616878,0.6300018610845187,0.5877551576363437,0.2055794147123203,0.43180965088887485,0.39069768542725375,0.652195255476865,0.20933474833627277,0.6458847364474422,0.5504472911131036,0.6581416231047685,0.6652289616802816,0.6224465018473027,0.6531706246953595,0.6493449717041535,0.6339979545110926,0.6637525817482904,0.6668349196879835,0.6524299219157668,0.6615644343638358,0.6148618180405045,0.6751091646164223,0.6052609072733318,0.6281653233052064,0.6423762104454164,0.6367350354730095,0.6463983143643304,0.6157201414027894,0.45512843098498473,0.4862829002227867,0.5172564591068166
C185-74: Onecut3.Onecut2.GABA-2,0.6056760139682836,0.742902039428355,0.6221059672263198,0.060863008723590024,0.38579877285978836,0.3215536124269519,0.8320655416850512,0.11241042445533472,0.6497741480934814,0.5200157426935516,0.6978707587486136,0.7717570377950674,0.6972141515271282,0.7720820832764224,0.6771761681547531,0.767646230254394,0.7043795391002056,0.7699159956622642,0.6988304262284124,0.6723981803908509,0.7504780131306726,0.7451389305729128,0.668382994605696,0.6564559509818002,0.6869924486381294,0.666016941422364,0.6691774237578862,0.6653207264629127,0.44546140717022814,0.36985767976485884,0.4436865271538986
C185-75: Pmfbp1.Onecut2.GABA-2,0.6159683691555852,0.7450776233030473,0.6330435926036344,0.0900588318501269,0.4263286376575482,0.3609101819480449,0.8266864064738702,0.13245593769193031,0.669607778167211,0.5306340982917437,0.7060162971794737,0.7749224655962609,0.6977893375200938,0.7811805858248808,0.6829584921253419,0.7720252564634267,0.7331680229272516,0.7643736111442028,0.6968548194198871,0.6977518535613549,0.7499085820651523,0.7662939705262635,0.7045794652339616,0.6824137452784126,0.683926803331689,0.6927753353059986,0.6744496508391555,0.66710009121052,0.4465745293851205,0.3949864667478659,0.44873979408412873
C185-76: Slc6a3.Onecut2.GABA-2,0.5306352620834652,0.6366067398684593,0.5471591149196909,0.06425607421701107,0.3547398641019001,0.300681533514193,0.7222823968431791,0.11259532324864871,0.5892697963582434,0.4582705306856873,0.6630242882333086,0.701155766808375,0.6549419533624042,0.6856113652789408,0.6433311396566427,0.6743919043844606,0.6137475601221845,0.7011865552778702,0.5895836107302143,0.6366534179151133,0.6637453725847274,0.6727819480861659,0.5815272251606146,0.5883076500282157,0.6460231730590535,0.607311987672064,0.6788181432291469,0.6282476176069178,0.42112011557665957,0.3813582996317992,0.41617437124649864
C185-77: Arx.Lhx1.GABA-2,0.6082517934350509,0.73222699507511,0.6262971315304111,0.07401010137774246,0.3942187777440057,0.3313666274530565,0.8007042108684111,0.1234641375168236,0.6710655892798421,0.5353652435468945,0.7103080054036238,0.7662650924987939,0.7333395851401205,0.7791862672791587,0.6898056280205302,0.750157331349371,0.7490014033185505,0.7811895154971507,0.712118818898985,0.7224726735877804,0.7201210822536576,0.7656458083956333,0.7156310464756177,0.6862568928061836,0.7374069131241738,0.7096281213873548,0.6978540098287177,0.715430132377831,0.4486406493861391,0.3845011253934403,0.4776650490216988
C185-78: Unassigned.Lhx1.GABA-2,0.6273376803249734,0.6290715238793659,0.5978296184362074,0.23087884583154653,0.4725828330124771,0.42967321479334375,0.6671126094765777,0.21290197173673162,0.6597402137064946,0.5992515656352332,0.6616022906437455,0.677342199222466,0.6484970707070663,0.6729449384987218,0.6438723189788657,0.6541487808232374,0.6781840921683226,0.6821764403306321,0.6503209382249509,0.6721048460591253,0.6225534495937051,0.6794712015082681,0.6193347765962431,0.6373669848478654,0.6618226552189372,0.6613660926489185,0.6582956637312283,0.6531433405459344,0.4539169925351641,0.45773257501296705,0.5096245303328242
C185-79: Cd24a.Lhx1.GABA-2,0.6309343816706395,0.6628043220426615,0.6169944133526156,0.19104049743930257,0.433070859003009,0.3964668502222516,0.7062271969578151,0.21813531089347318,0.6567038954455149,0.5763329660300336,0.6837674508218938,0.6831760871622863,0.6546723581724908,0.6917630061481798,0.6372495501617755,0.6915749545270653,0.7113054080633462,0.6874912331405592,0.6649083411941256,0.689487664746063,0.6391931418163685,0.697842424880409,0.6537640839892409,0.6618974568481892,0.6661155320113745,0.6806942524545865,0.6597377253903995,0.6679637813211874,0.4319115067228446,0.4793271592346513,0.5284188961417035
C185-7: Stk26.Nxph4.GLU-2,0.598722313438549,0.8098401705826809,0.6204473925521086,0.010301589979364001,0.35340985971281486,0.2858372356400009,0.7474150789670728,0.11690850571454424,0.6617665380188652,0.5025960662274904,0.6882315794340561,0.7084626335449006,0.680034703606914,0.7349328620205215,0.6820878540905879,0.7078383158585722,0.7018000415456712,0.726104787820768,0.6731873966018609,0.6938909001374036,0.7359226457277295,0.7435219855443341,0.6776318903744932,0.6491408819884131,0.6487518397792187,0.6362443252858206,0.6056350464530208,0.6211568758284886,0.5264277465899341,0.3449678709779582,0.3890959696779415
C185-80: Aldh3b2.GABA-2,0.591571467210441,0.713151545234162,0.6043527585767211,0.05360717346906392,0.36572636859312435,0.31563352410604023,0.7687561889237415,0.10400317241042362,0.6371339109405426,0.5099936318629255,0.6883516117199137,0.7726393595318863,0.7486178484272943,0.7838314579549487,0.65670493676648,0.7167272684999394,0.725755142165919,0.7969864213182329,0.7025820839371896,0.7301764555862524,0.6849434995163223,0.7392110662224655,0.7095226422735103,0.6953225958085625,0.687431053357016,0.6867449077628462,0.6813538964071227,0.6520238884489571,0.42264198900580546,0.3409113973848007,0.4227231219235348
C185-81: Tnfrsf12a.GABA-2,0.5607888272015384,0.6659487780389647,0.576433483514524,0.11639979488503277,0.3464220243050567,0.2863274263481712,0.6999193832768861,0.16756187555149296,0.5902157582728558,0.5232132363102855,0.638785162920403,0.6951134871809228,0.6772112132004517,0.7058122805873163,0.6377563887992719,0.6758140139744153,0.6645406710789785,0.71154351266051,0.6404496015942284,0.6647874654016575,0.6490148704908643,0.6801802963501548,0.6204788833313576,0.6073473463926278,0.6880236908997108,0.6502049982427924,0.6681794015419703,0.6353852401332329,0.43315841536848765,0.4047235092730384,0.469508374104245
C185-82: Tbx19.Il1rapl2.GABA-1,0.5690218593535455,0.6948392581490919,0.5995775156835922,0.05400887273468375,0.36974280781560404,0.3139393037928067,0.7388767508460667,0.13099437416058882,0.6337550716717298,0.49646928469067336,0.7037635233862634,0.791530288065926,0.7535235709327993,0.7564223006565959,0.7211986217181459,0.7202433551481396,0.7256474324447318,0.7994970734659412,0.6955994892261392,0.7289133336109832,0.7059931703741815,0.7748383679891728,0.6853951582427228,0.6937352314289836,0.7788528572743959,0.6998483045018558,0.7491886992921214,0.7421869771405668,0.4566447241585914,0.41589446822724757,0.49460390315286035
C185-83: Col6a1.Il1rapl2.GABA-1,0.6241283778981221,0.739995628221837,0.6424133695284883,0.10287085506980413,0.40654159706802484,0.35290525937841605,0.7875495688861622,0.17613709959989854,0.6823755851603022,0.550659175154571,0.6817238116837923,0.7850944315266589,0.7509359798474879,0.7830407831812098,0.687469541237877,0.7447432517768198,0.7303591434247306,0.8626123559827339,0.748452379580573,0.7134905276686988,0.7236850187957907,0.7495712001947178,0.6840393891455682,0.6894784529080278,0.721565733780814,0.7234450812179494,0.7363633863442716,0.7462018931271419,0.49633798295698217,0.4081964518792275,0.5026547226356025
C185-84: Epha3.Il1rapl2.GABA-1,0.6276852062752439,0.7104810476071857,0.6282013704252462,0.12046210976804593,0.41347519122201515,0.3741634148971157,0.7403145891368792,0.17285688842862434,0.6627463375283987,0.5370028166560876,0.6629789840084126,0.725828129905033,0.6905343957103797,0.7328958488826492,0.6502063219821601,0.7015789937593914,0.7064996205283282,0.8429995948124632,0.7365175725069002,0.6921505125381258,0.676181674772328,0.7204076856598313,0.6556148691357552,0.680198717716289,0.6778076310354575,0.6594401654409654,0.6650413713692922,0.6918895656450088,0.467922130282151,0.40707260820378166,0.4863416255978387
C185-85: Pthlh.Il1rapl2.GABA-1,0.5961629788425556,0.7113523473004344,0.6156846792399733,0.08596992961382734,0.4109711920465828,0.3559316884001103,0.7533542563351469,0.12730544615899783,0.649511321644158,0.5203907133545269,0.6785088478128792,0.7671969327688396,0.7346366779791408,0.7541906048448753,0.6786705360707284,0.714429764283554,0.7143823706235137,0.852433992404339,0.7247009424147568,0.7116079248733392,0.7071892829484888,0.7499316654526739,0.6666340985018698,0.6964854104388193,0.7245763943894371,0.6705548183905198,0.6943174785924281,0.7196171667276712,0.4740373515575791,0.36951050527168755,0.453315068873858
C185-86: Tmem114.Lef1.GABA-1,0.6180710348901628,0.7490875505793104,0.6397822825027908,0.047187231879229144,0.3909148703945667,0.32099322314228207,0.8062812647669328,0.12478643338195818,0.684727046612344,0.5089684853812634,0.6920810898250631,0.8042347543355111,0.7176462052457679,0.8008427798928736,0.6978303000568304,0.8611215926173441,0.7275248605499682,0.7539653788955939,0.6967622116283335,0.7176821690969437,0.72360392559609,0.7935465264441125,0.6982719340603905,0.6796391242121753,0.715266566063921,0.7329635756886277,0.6558523255160595,0.6737062580592368,0.42823084227372704,0.38448043158776407,0.45809527290333324
C185-87: Fign.Lef1.GABA-1,0.5806715261646637,0.7362289390947172,0.6014211539443262,0.05012145683144901,0.345010022940271,0.2988824884247011,0.7880699395021675,0.10822482621332,0.6506340473002983,0.49021474510263874,0.7021340730046015,0.7335083642117383,0.7014136516304883,0.7796534176021325,0.6561617584207543,0.7683631488982553,0.7348241399797948,0.7490953135351978,0.6872740408999021,0.6999388367476312,0.7116340117579258,0.7739881478230993,0.7298855744730338,0.6678267696664024,0.6830389763955077,0.6669000402678825,0.6337293105816676,0.6798405952987837,0.42917615750407123,0.33541203799217095,0.41903354849483004
C185-88: Sox14.Lef1.GABA-1,0.5761560789985134,0.693831310476452,0.6147234566555166,0.060025924321779056,0.37229804400665456,0.31110139590225133,0.755714565243774,0.15952394829024658,0.650820799122233,0.4880447082507497,0.7092375772927837,0.7724685641076954,0.7097196257277943,0.7363584106424385,0.6953052157852032,0.7421179184410222,0.6995269611713387,0.7410711549373703,0.6816072820289563,0.7267397178174416,0.7053411935734296,0.7552693797546096,0.6625650941834822,0.6645565558507278,0.7071587616519699,0.6906158297595621,0.6843257671359798,0.6995858838235649,0.43758969088035476,0.4312624300521622,0.5013261533086226
C185-89: Barhl2.Lef1.GABA-1,0.572856960848565,0.7146482433601121,0.5955408858959795,0.06558687484711642,0.37764259740515965,0.29749932148717667,0.7453867978577091,0.1462944361665384,0.6357871554541379,0.5026265766586047,0.6650063004376573,0.7524235539126782,0.6940409781457724,0.7545243064575897,0.6689012840043677,0.7918061273605551,0.7195109456874744,0.7392206171792657,0.6769989851190564,0.706905081911487,0.6857639875000425,0.7555245988612427,0.6974520000896701,0.6675621210361335,0.7103045435038057,0.6901171003450698,0.6699286896437573,0.7111161942011712,0.43512956095220096,0.4246453088236979,0.49830185660429394
C185-8: Nfia.Nxph4.GLU-2,0.5984308667495,0.7933200284747345,0.615866597483375,0.031079647835132965,0.3404914576238514,0.2617609758763066,0.7317672824653365,0.14534169625565072,0.6493294031624972,0.49967067285822014,0.6924217680645013,0.7363787027771251,0.6887724731478252,0.7388190945925418,0.6886585024709757,0.7037515228751693,0.7252564699876118,0.7234569194811215,0.6809952804405666,0.7072127488008296,0.7413229156666725,0.7662476135403863,0.6904925930563512,0.670368906894094,0.6591075959710023,0.6513640950356622,0.6230500487553042,0.6205112005039042,0.48418202550234424,0.3804685392251026,0.4255406454313141
C185-90: Reln.Lef1.GABA-1,0.6005403126590972,0.7120304561729152,0.6292571699792474,0.0777665717093248,0.39519236348233205,0.3263529719385063,0.7659735697835724,0.15732657387669766,0.6625563884674247,0.5243939825766439,0.6935507544001793,0.7953572047787194,0.7273558064802754,0.7918423106978856,0.7038016722991212,0.8026486364599799,0.7164048721907538,0.7505428622319039,0.680533437557272,0.7315498207628894,0.7286661794451192,0.7754061674932712,0.6926516695993509,0.6694085528351363,0.7413521899044644,0.7301857485027758,0.6844565194311297,0.7206724155949406,0.45373921151465146,0.4242933798196948,0.4936862449722991
C185-91: Gal.Hmcn1.GABA-1,0.6235274641581785,0.7293566122268521,0.651938405027999,0.04768780108574839,0.41064193133902777,0.3359810310018042,0.7759146040047329,0.1293053701959437,0.6762339547656024,0.558423708934911,0.7163094410330232,0.8825155992866273,0.7702005388413553,0.8029136795557952,0.7661125552849157,0.7680998097545217,0.7162794803503371,0.8102538277870288,0.7081597357588612,0.7693255530846118,0.7319639261618188,0.8163922784882902,0.6896146932891133,0.6690747839619732,0.7569556661024472,0.766019502040657,0.7276992058563495,0.7303266598413637,0.46194421182823336,0.4211758141964413,0.5077285204215789
C185-92: Adarb2.Hmcn1.GABA-1,0.6375773730820762,0.746630923732428,0.6517422025467734,0.06951689908502301,0.4316057993376393,0.3581361594285672,0.8137387774236872,0.12651061047574574,0.7019750135138345,0.5541927039222284,0.7143701537330261,0.8415962726805797,0.7398281387938518,0.814649038804163,0.731895753389665,0.7861016552725718,0.7198387741445003,0.8181876524074538,0.710457872278307,0.721797111781631,0.7324506033064065,0.7905979950706223,0.6856429396588605,0.6732357262723238,0.7441102352429767,0.7304613450279732,0.7010317730855029,0.710883741226132,0.45929079162397846,0.4094172874451701,0.4793262814995363
C185-93: Zfp804b.Hmcn1.GABA-1,0.5758961800386655,0.7097938409132689,0.5836932120280179,0.006633748083964196,0.3562509544924574,0.28269982509730374,0.7529533554188274,0.08660854555477293,0.623102489931557,0.49793010776546043,0.6651287879032596,0.7834905722224459,0.7691327817531615,0.7854936257293212,0.6892364224603905,0.7353992928478127,0.6959294134509231,0.82978621421775,0.6690087293778809,0.7007624257640411,0.7095138125252834,0.7619638870067942,0.672964354659685,0.6409501674528965,0.7456120671214926,0.6967079885092493,0.681809835304097,0.742636503086637,0.42142966880657434,0.35585513550559966,0.4527890185721317
C185-94: Gal.Crh.GABA-1,0.6333366208027976,0.7556358909874312,0.6520488689110884,0.03640113731443571,0.39154956218142883,0.32553828357500464,0.8212372306393664,0.10334994280764132,0.6779141301771512,0.5222069421046869,0.7059730783968894,0.8128307297401852,0.7978825424032034,0.8822189413133812,0.7103923760106363,0.7893085686329777,0.7347487576150862,0.8023436160414398,0.6889077490439329,0.7520046878209894,0.726563137482331,0.8013933987494672,0.7126304635162631,0.6925220839568917,0.7051604797923544,0.7243339998927675,0.6763356939291496,0.6954209564505657,0.43038508856065755,0.3699507605339889,0.4426681838683438
C185-95: Nts.Crh.GABA-1,0.5332460485524728,0.6604608237491449,0.5830446150019981,0.023725703367411186,0.32229773785515853,0.2568990970872193,0.7114741271906826,0.07131670196429309,0.5914294170832248,0.45743943114432484,0.6405276819908393,0.7384759104514933,0.7867880811755956,0.8334677058474823,0.6519663977331955,0.7242202337924495,0.6961393017755186,0.7572416570612878,0.6427700033856335,0.7043519317547275,0.6550728996414651,0.7342802028822579,0.6673320717583313,0.6553801945185521,0.7113807679206822,0.7002099773986971,0.6761508423479029,0.6956250354344176,0.3846866927319023,0.3398512990795641,0.4066349308254179
C185-96: Ppp1r17.GABA-1,0.6130771587237858,0.7196853778322001,0.6499324913081092,0.06062891299242872,0.3809457700559977,0.3110366955839047,0.7379704357947129,0.15411355538518137,0.6810215652214984,0.5336474890264639,0.7092868222987376,0.7648434554184637,0.7519052966397591,0.7724242725479868,0.7002962423364748,0.7270004260590978,0.7455646224909114,0.7623017271080011,0.7239702694893453,0.8418316001128539,0.694408729227839,0.7810210125780387,0.692157186578821,0.7112672164113726,0.711371562168937,0.6994344213952357,0.6911771293013524,0.6910979363344226,0.4833841131485657,0.39997537732770033,0.47014730774145486
C185-97: St18.Lhx6.GABA-1,0.6335805158739416,0.7766888668042443,0.6571646845119464,0.08337278856217135,0.3942449469305948,0.32968781966022864,0.8467980747634168,0.17439056606783876,0.7123093331078955,0.541276893812647,0.739711898603671,0.8065182521804033,0.7741986816599569,0.816799722901497,0.7273524771410321,0.7800900225667954,0.7403109263344294,0.7996803246793575,0.7245737039031269,0.7644932509490678,0.7474203937906383,0.788375257689184,0.7053175554102679,0.6891324147585943,0.7230510330196761,0.7155906361147271,0.7143004393141553,0.7008985842567987,0.507392547847814,0.4181649631684775,0.48788823101295475
C185-98: Pbx3.Lhx6.GABA-1,0.6067272749694735,0.7220724363650908,0.6480144876711279,0.06251585376463932,0.3850291822247839,0.32718808094961505,0.7802653093618683,0.15083647176409162,0.6810955343135159,0.5351931036325606,0.7250783560749794,0.8035179314145323,0.7586288425041712,0.777378472879142,0.7250673550931328,0.7433734946406035,0.725171507354027,0.7766782811064351,0.7193293520759383,0.7619614242848598,0.7169436629289405,0.7724045051110658,0.6795700583581967,0.6791870117462526,0.7378986999192242,0.7128812293758848,0.7424711692444426,0.6987635457217536,0.49466165965271713,0.4455769195801647,0.5231793081960189
C185-99: Piezo2.Lhx6.GABA-1,0.6404255865106787,0.7511020052880643,0.6472207773906339,0.08445393689746544,0.40319963293180994,0.3384533139578269,0.8461726118609526,0.1505141989255073,0.6903898351085876,0.533936808441454,0.7201478695235741,0.7858167664689347,0.7432072194370359,0.8046095453826625,0.69523782335494,0.7691027503387247,0.7154853824097234,0.8026598725406703,0.697845586001938,0.7363182611709507,0.7297591410980289,0.7688744526879648,0.6936563029799203,0.6838357358707703,0.6925735236026284,0.6799854878531117,0.688043737713978,0.6946733032859513,0.4936416588811852,0.3946495628311981,0.4595189324629009
C185-9: Ebf3.Nxph4.GLU-2,0.6187169815868123,0.8208219503896341,0.6378669245558277,0.017900515119828774,0.36502529300721825,0.2845315886732855,0.7514049174600564,0.1379700772005118,0.6680151815652015,0.5325609112465128,0.69347093278232,0.7652468904022456,0.7096634266313295,0.7622147810720219,0.7110792969459511,0.7542717213467072,0.7240635760841005,0.7487680935442129,0.684494961554861,0.7186477026745788,0.7708495765548943,0.7949130441798994,0.7061380617657647,0.6619800212490039,0.6887537390426733,0.6724555657866045,0.6368626952864503,0.6438335747347324,0.538289643737816,0.36453984124075656,0.416564432541887
